run_id,experiment_name,condition_id,run_number,sensor_name,n_train_stacks,n_val_stacks,n_samples_per_class_0,n_samples_per_class_1,catastrophic_prob_type1,catastrophic_prob_type2,p_hat,se,ci_lo,ci_hi,true_disturbed_prop,f1_pixel,f1_sample,n_class0,n_class1,pixel_agreement,pixel_precision,pixel_recall,pixel_iou
run_ID_20260727_171744_63613e,point_sampling_sensitivity,n50_distLow,1,Sensor_Clean,20,40,50,50,0.01,0.01,0.00795364135946554,0.00028706461501491537,0.00739100505280045,0.00851627766613063,0.00780028795527595,0.9345720109303586,0.9690721649484536,50,50,0.9992427405138722,0.9216916769217444,0.9850452121493161,0.9067368890710604
run_ID_20260727_171744_63613e,point_sampling_sensitivity,n50_distLow,1,Sensor_X,20,40,50,50,0.01,0.01,0.006461928169499871,0.0006043321422877672,0.005277458935915912,0.00764639740308383,0.00780028795527595,0.7192424355743745,0.823529411764706,50,50,0.995957148300192,0.681988515142972,0.8139562880220644,0.5806029537346081
run_ID_20260727_171744_63613e,point_sampling_sensitivity,n50_distLow,1,Sensor_Y,20,40,50,50,0.01,0.01,0.004804638125751436,0.0012924049243245917,0.002271571020633022,0.00733770523086985,0.00780028795527595,0.3103888543343379,0.3606557377049181,50,50,0.9789362840976542,0.2454220119912165,0.5353803008114328,0.19062273686712206
run_ID_20260727_171744_63613e,point_sampling_sensitivity,n50_distLow,1,Sensor_Z,20,40,50,50,0.01,0.01,0.021281498642210173,0.019389739382219023,0.0,0.05928468950097737,0.00780028795527595,0.1550898349187779,0.07210372422728864,50,50,0.9634244623676398,0.10103328088286645,0.2745300032530888,0.07300492719472289
run_ID_20260727_171819_45c49c,point_sampling_sensitivity,n50_distLow,2,Sensor_Clean,20,40,50,50,0.01,0.01,0.01117089632457313,0.0,0.01117089632457313,0.01117089632457313,0.011433168419166794,0.9859362645703028,1.0,50,50,0.9997474487373174,1.0,0.9749402883899989,0.9749402883899989
run_ID_20260727_171819_45c49c,point_sampling_sensitivity,n50_distLow,2,Sensor_X,20,40,50,50,0.01,0.01,0.009759002521946445,0.0008694010446139629,0.008055007786381577,0.011462997257511313,0.011433168419166794,0.7181062755303913,0.8372093023255814,50,50,0.9952571768823303,0.6655328232222415,0.8238277633396214,0.5909114163320721
run_ID_20260727_171819_45c49c,point_sampling_sensitivity,n50_distLow,2,Sensor_Y,20,40,50,50,0.01,0.01,0.006190344941636923,0.0014180908088298671,0.003410938029523109,0.008969751853750738,0.011433168419166794,0.34726817794714887,0.43750000000000006,50,50,0.9815600440498289,0.3045544919229787,0.5050294604563407,0.22442367712765016
run_ID_20260727_171819_45c49c,point_sampling_sensitivity,n50_distLow,2,Sensor_Z,20,40,50,50,0.01,0.01,0.02286016978349848,0.019345731527157534,0.0,0.060777106831308304,0.011433168419166794,0.1127511112522439,0.12199530517121841,50,50,0.9619752366334889,0.09142465762043954,0.22641537785660776,0.05607971073211728
run_ID_20260727_171902_4d11a5,point_sampling_sensitivity,n50_distLow,3,Sensor_Clean,20,40,50,50,0.01,0.01,0.007084867708357342,0.0,0.007084867708357342,0.007084867708357342,0.007924821681539096,0.9390904286834542,1.0,50,50,0.9990749739183717,0.9976285756632578,0.8920603411354715,0.891313042358757
run_ID_20260727_171902_4d11a5,point_sampling_sensitivity,n50_distLow,3,Sensor_X,20,40,50,50,0.01,0.01,0.006098464768030864,0.0007113393760007712,0.004704265210284157,0.007492664325777571,0.007924821681539096,0.7089917947164329,0.75,50,50,0.9951475974510465,0.6884195519809526,0.791120957291051,0.5683875747731575
run_ID_20260727_171902_4d11a5,point_sampling_sensitivity,n50_distLow,3,Sensor_Y,20,40,50,50,0.01,0.01,0.0030406777076658767,0.0006965616860624621,0.0016754418899729553,0.004405913525358798,0.007924821681539096,0.38857579199756936,0.4375,50,50,0.9886548293849355,0.4821194830050637,0.4073751781836865,0.24839597329004173
run_ID_20260727_171902_4d11a5,point_sampling_sensitivity,n50_distLow,3,Sensor_Z,20,40,50,50,0.01,0.01,0.0015164737358138644,0.00073465894907374,7.656865470928847e-05,0.0029563788169184404,0.007924821681539096,0.1257689600266965,0.14814814814814814,50,50,0.9760803858804662,0.07509237397692542,0.16569270993665716,0.049051490032117645
run_ID_20260727_171942_9587aa,point_sampling_sensitivity,n50_distLow,4,Sensor_Clean,20,40,50,50,0.01,0.01,0.007308933434756357,0.0,0.007308933434756357,0.007308933434756357,0.007698390547957949,0.9671639698642274,1.0,50,50,0.9995135178300403,0.9971820809248555,0.9485102801250477,0.9456923610499031
run_ID_20260727_171942_9587aa,point_sampling_sensitivity,n50_distLow,4,Sensor_X,20,40,50,50,0.01,0.01,0.007129390969337777,0.0004771816318526299,0.006194132156822571,0.008064649781852982,0.007698390547957949,0.7441748086451483,0.9010989010989011,50,50,0.9962769621348343,0.7024086658754752,0.8229021249020454,0.6041474078720833
run_ID_20260727_171942_9587aa,point_sampling_sensitivity,n50_distLow,4,Sensor_Y,20,40,50,50,0.01,0.01,0.0025979981721965927,0.000660453090075651,0.0013035339021701285,0.003892462442223057,0.007698390547957949,0.37345842279088104,0.3870967741935484,50,50,0.9885822890663766,0.3927067202039108,0.45398233767314256,0.24085565941802684
run_ID_20260727_171942_9587aa,point_sampling_sensitivity,n50_distLow,4,Sensor_Z,20,40,50,50,0.01,0.01,0.02,0.0186944324614286,0.0,0.05664041433581653,0.007698390547957949,0.0772993263076733,0.030881725223315594,50,50,0.9338606623007084,0.044366434295982526,0.3935406562013374,0.040132534673983956
run_ID_20260727_172018_b6bc53,point_sampling_sensitivity,n50_distLow,5,Sensor_Clean,20,40,50,50,0.01,0.01,0.007269912923529491,0.00014836556986794886,0.00697912175004255,0.007560704097016431,0.0071453667900803096,0.971987300447033,0.9898989898989898,50,50,0.9995614066914961,0.9605944483670386,0.98989824664844,0.9504926950154785
run_ID_20260727_172018_b6bc53,point_sampling_sensitivity,n50_distLow,5,Sensor_X,20,40,50,50,0.01,0.01,0.006132715847397802,0.0006288141317663237,0.004900262796165983,0.00736516889862962,0.0071453667900803096,0.6958939435365338,0.7951807228915663,50,50,0.9956123350733781,0.6469670121916864,0.8035903275666013,0.5616108976209303
run_ID_20260727_172018_b6bc53,point_sampling_sensitivity,n50_distLow,5,Sensor_Y,20,40,50,50,0.01,0.01,0.0060700018519008435,0.0012640674571448467,0.0035924751618678155,0.008547528541933871,0.0071453667900803096,0.31214092142113864,0.48484848484848486,50,50,0.9818210115765069,0.25263142035511144,0.5283314491635606,0.19193366909897647
run_ID_20260727_172018_b6bc53,point_sampling_sensitivity,n50_distLow,5,Sensor_Z,20,40,50,50,0.01,0.01,0.003085016172803235,0.0014945426919449817,0.0001557663232335301,0.00601426602237294,0.0071453667900803096,0.10067225252308996,0.14814814814814814,50,50,0.9572980081274425,0.05010919656302664,0.22192697933098204,0.040614616891903155
run_ID_20260727_172052_a71afd,point_sampling_sensitivity,n50_distLow,6,Sensor_Clean,20,40,50,50,0.01,0.01,0.006868512265607388,0.00014017371970627328,0.00659377682340408,0.007143247707810696,0.0073313687527517555,0.9583451039502177,0.98989898989899,50,50,0.9993808227907401,0.9855718747227522,0.9460703315792701,0.9335192999282211
run_ID_20260727_172052_a71afd,point_sampling_sensitivity,n50_distLow,6,Sensor_X,20,40,50,50,0.01,0.01,0.006507042459843696,0.0005796934163315677,0.005370864241758841,0.007643220677928552,0.0073313687527517555,0.7056303791211256,0.8372093023255813,50,50,0.9959445763820961,0.6646742702394235,0.8104469989598134,0.5689719643801814
run_ID_20260727_172052_a71afd,point_sampling_sensitivity,n50_distLow,6,Sensor_Y,20,40,50,50,0.01,0.01,0.004402727625632649,0.000960753933749277,0.0025196845174788856,0.006285770733786413,0.0073313687527517555,0.3150242051426659,0.4615384615384615,50,50,0.9852505809430173,0.2798927222721125,0.4251559819145683,0.1861945825204509
run_ID_20260727_172052_a71afd,point_sampling_sensitivity,n50_distLow,6,Sensor_Z,20,40,50,50,0.01,0.01,0.0016515986428605725,0.0011558782671090256,0.0,0.003917078416906831,0.0073313687527517555,0.11225001772465096,0.07692307692307693,50,50,0.9552806953171767,0.07470679876342937,0.2814224859249004,0.057928967348704376
run_ID_20260727_172134_7af797,point_sampling_sensitivity,n50_distLow,7,Sensor_Clean,20,40,50,50,0.01,0.01,0.00788426072172818,0.00028456051341397236,0.007326532364014567,0.008441989079441792,0.00783532658924907,0.9600080933504598,0.9690721649484537,50,50,0.9993573749474087,0.9433720488318625,0.9930527106432535,0.9365425135502957
run_ID_20260727_172134_7af797,point_sampling_sensitivity,n50_distLow,7,Sensor_X,20,40,50,50,0.01,0.01,0.00668757818777803,0.000385465598508311,0.005932079497422564,0.0074430768781334955,0.00783532658924907,0.7592611969142262,0.9247311827956989,50,50,0.9965059003573433,0.791074644435035,0.7612266695649514,0.6236994451834248
run_ID_20260727_172134_7af797,point_sampling_sensitivity,n50_distLow,7,Sensor_Y,20,40,50,50,0.01,0.01,0.0030894363441510723,0.0003755708349793903,0.0023533310339478313,0.0038255416543543134,0.00783532658924907,0.446662665215282,0.7341772151898734,50,50,0.9928687215378202,0.6695340117229829,0.36539961301387197,0.26924967976152564
run_ID_20260727_172134_7af797,point_sampling_sensitivity,n50_distLow,7,Sensor_Z,20,40,50,50,0.01,0.01,0.0028601832851393575,0.0011064875644176183,0.0006915075095393825,0.005028859060739332,0.00783532658924907,0.1590969167718547,0.2142857142857143,50,50,0.9736055579987077,0.09612141642002574,0.2111941277316614,0.06675272397990033
run_ID_20260727_172214_8722e8,point_sampling_sensitivity,n50_distLow,8,Sensor_Clean,20,40,50,50,0.01,0.01,0.008145603237302467,0.00016623680076127491,0.007819785094905208,0.008471421379699726,0.008120108067110901,0.9752802305791562,0.98989898989899,50,50,0.9995668263494986,0.9670578527433247,0.98855924815905,0.9556171009023745
run_ID_20260727_172214_8722e8,point_sampling_sensitivity,n50_distLow,8,Sensor_X,20,40,50,50,0.01,0.01,0.006880982496802504,0.0006130066425576974,0.0056795115551055994,0.00808245343849941,0.008120108067110901,0.7608892974963117,0.8372093023255813,50,50,0.996093407928317,0.700460863682901,0.8174697571885087,0.6100295311242204
run_ID_20260727_172214_8722e8,point_sampling_sensitivity,n50_distLow,8,Sensor_Y,20,40,50,50,0.01,0.01,0.022934601496639978,0.01982630278609898,0.0,0.06179344090398011,0.008120108067110901,0.433014432267366,0.19423713682772245,50,50,0.9903633015466159,0.4867348680004411,0.4322471856736429,0.2653296006218972
run_ID_20260727_172214_8722e8,point_sampling_sensitivity,n50_distLow,8,Sensor_Z,20,40,50,50,0.01,0.01,0.0027362554793181506,0.0011726809197077786,0.00043784311133359755,0.005034667847302703,0.008120108067110901,0.13023918055537673,0.18181818181818182,50,50,0.9696440973549614,0.08363142019766646,0.2544677305690436,0.06093182085557185
run_ID_20260727_172248_286754,point_sampling_sensitivity,n50_distLow,9,Sensor_Clean,20,40,50,50,0.01,0.01,0.006547573247327387,0.0003117892022536851,0.0059364776401416896,0.007158668854513084,0.007319394966541232,0.95480218291404,0.9473684210526316,50,50,0.9992939338885465,0.9658763683856241,0.9564702872632829,0.9230362192428169
run_ID_20260727_172248_286754,point_sampling_sensitivity,n50_distLow,9,Sensor_X,20,40,50,50,0.01,0.01,0.005877350482957601,0.0005496612953864994,0.004800034140304429,0.006954666825610772,0.007319394966541232,0.6995935779056125,0.8235294117647058,50,50,0.996032286076038,0.6964744024848912,0.7494726492493741,0.5529763463765507
run_ID_20260727_172248_286754,point_sampling_sensitivity,n50_distLow,9,Sensor_Y,20,40,50,50,0.01,0.01,0.022472552772438887,0.019740883434924576,0.0,0.0611639733278944,0.007319394966541232,0.36231472549644267,0.15174592592806865,50,50,0.9872943653670042,0.3079380228230997,0.45204150481331334,0.2129627626693857
run_ID_20260727_172248_286754,point_sampling_sensitivity,n50_distLow,9,Sensor_Z,20,40,50,50,0.01,0.01,0.0008909043958669127,0.0003818161696572483,0.00014255845462367105,0.0016392503371101543,0.007319394966541232,0.13889751752816892,0.1818181818181818,50,50,0.9870497183358277,0.1566906981441882,0.12913104314174415,0.05870715779911915
run_ID_20260727_172328_56cc8d,point_sampling_sensitivity,n50_distLow,10,Sensor_Clean,20,40,50,50,0.01,0.01,0.008202177741611987,0.00023918036007813172,0.007733392850049527,0.008670962633174446,0.008645476763505385,0.9735656514890716,0.979591836734694,50,50,0.9995760970198522,0.9862302094150018,0.9685896808741271,0.954819890289129
run_ID_20260727_172328_56cc8d,point_sampling_sensitivity,n50_distLow,10,Sensor_X,20,40,50,50,0.01,0.01,0.007415723952130116,0.0007267349517701306,0.005991349620354207,0.008840098283906025,0.008645476763505385,0.7414416502314387,0.8095238095238095,50,50,0.9953685446514072,0.6907804939188569,0.8436458868050821,0.6075118421164429
run_ID_20260727_172328_56cc8d,point_sampling_sensitivity,n50_distLow,10,Sensor_Y,20,40,50,50,0.01,0.01,0.004240806408114387,0.0012116589737469676,0.0018659984580255673,0.0066156143582032055,0.008645476763505385,0.33675698062373005,0.3333333333333333,50,50,0.9816293879874699,0.2830669453181307,0.5233893685485753,0.2179168097810196
run_ID_20260727_172328_56cc8d,point_sampling_sensitivity,n50_distLow,10,Sensor_Z,20,40,50,50,0.01,0.01,0.021614371958118276,0.018523966550184956,0.0,0.05792067924730546,0.008645476763505385,0.10219406695169263,0.06310271109157731,50,50,0.925297451469224,0.06794037795278869,0.35781056904603614,0.04980450431298392
run_ID_20260727_172402_29866f,point_sampling_sensitivity,n50_distMed,1,Sensor_Clean,20,40,50,50,0.02,0.02,0.013805583713254202,0.0007282928070447653,0.012378156041246882,0.015233011385261522,0.014781619078012285,0.9640141854810241,0.9361702127659575,50,50,0.9989665533415859,0.9382796210851259,0.9977479310812644,0.9365659847447878
run_ID_20260727_172402_29866f,point_sampling_sensitivity,n50_distMed,1,Sensor_X,20,40,50,50,0.02,0.02,0.012718565907853887,0.0011330599066260172,0.010497809298540576,0.014939322517167198,0.014781619078012285,0.7649717114026722,0.8372093023255813,50,50,0.9926748525171794,0.7091914642411979,0.8519321093610401,0.6292011972184602
run_ID_20260727_172402_29866f,point_sampling_sensitivity,n50_distMed,1,Sensor_Y,20,40,50,50,0.02,0.02,0.027655391532232256,0.019677952771605414,0.0,0.066223470254059,0.014781619078012285,0.42252003865145976,0.3495856371902915,50,50,0.9819233778584984,0.436336730573086,0.46751691789998717,0.28063828353059417
run_ID_20260727_172402_29866f,point_sampling_sensitivity,n50_distMed,1,Sensor_Z,20,40,50,50,0.02,0.02,0.003056783624642569,0.0013100501248468153,0.0004891325620006094,0.005624434687284529,0.014781619078012285,0.19549105462039112,0.18181818181818185,50,50,0.9658121054374715,0.15254754250939717,0.23498694196557465,0.09790281556595101
run_ID_20260727_172441_c01eec,point_sampling_sensitivity,n50_distMed,2,Sensor_Clean,20,40,50,50,0.02,0.02,0.013880506712043864,0.0005009783739824766,0.012898607142004772,0.014862406282082956,0.013935481547506505,0.9564378264355584,0.9690721649484536,50,50,0.9990320678749111,0.9391911107761022,0.9851659150634374,0.9311195272914702
run_ID_20260727_172441_c01eec,point_sampling_sensitivity,n50_distMed,2,Sensor_X,20,40,50,50,0.02,0.02,0.009683782153436153,0.0013291252783546132,0.007078744476919337,0.012288819829952969,0.013935481547506505,0.7341232012908965,0.6842105263157895,50,50,0.9919848501468511,0.6595305369436832,0.8574404441139901,0.591673387453265
run_ID_20260727_172441_c01eec,point_sampling_sensitivity,n50_distMed,2,Sensor_Y,20,40,50,50,0.02,0.02,0.045211166031926105,0.027464444137868724,0.0,0.09904048739756102,0.013935481547506505,0.362736865148544,0.18429133951156149,50,50,0.9792174014446621,0.37775636683089225,0.44348474864360393,0.23176558088131602
run_ID_20260727_172441_c01eec,point_sampling_sensitivity,n50_distMed,2,Sensor_Z,20,40,50,50,0.02,0.02,0.008665820345911101,0.0041981752257464165,0.0004375481026598141,0.01689409258916239,0.013935481547506505,0.10665159949956336,0.14814814814814814,50,50,0.897637380244185,0.0638485374322681,0.38634878276814744,0.056199473843468406
run_ID_20260727_172519_d8362b,point_sampling_sensitivity,n50_distMed,3,Sensor_Clean,20,40,50,50,0.02,0.02,0.01509568339488197,0.0,0.01509568339488197,0.01509568339488197,0.015455348491857842,0.9610182702548024,1.0,50,50,0.9988567757925934,0.9753981089985871,0.9574857421621177,0.9343791794561023
run_ID_20260727_172519_d8362b,point_sampling_sensitivity,n50_distMed,3,Sensor_X,20,40,50,50,0.02,0.02,0.012830497460951601,0.001143031561922711,0.010590196766390524,0.015070798155512679,0.015455348491857842,0.7608218536772663,0.8372093023255813,50,50,0.9926153420351271,0.7132043201761623,0.8276890714561103,0.6230096534797814
run_ID_20260727_172519_d8362b,point_sampling_sensitivity,n50_distMed,3,Sensor_Y,20,40,50,50,0.02,0.02,0.028394503140718633,0.019689894790630543,0.0,0.06698598778973733,0.015455348491857842,0.3952390286587319,0.3811548642704031,50,50,0.9805592837533412,0.40992834730482425,0.40879933282970266,0.2504474720515111
run_ID_20260727_172519_d8362b,point_sampling_sensitivity,n50_distMed,3,Sensor_Z,20,40,50,50,0.02,0.02,0.007555614385534243,0.0023037875047957437,0.0030402738481011887,0.012070954922967298,0.015455348491857842,0.15771325835919925,0.3050847457627119,50,50,0.952743766701316,0.1364575543663813,0.24892689861127715,0.08375102583037113
run_ID_20260727_172556_bdb342,point_sampling_sensitivity,n50_distMed,4,Sensor_Clean,20,40,50,50,0.02,0.02,0.01502232263407082,0.0,0.01502232263407082,0.01502232263407082,0.015686150965813966,0.9742075257535497,1.0,50,50,0.9991814194751589,0.9936366917860303,0.9583059410793177,0.9521342378985529
run_ID_20260727_172556_bdb342,point_sampling_sensitivity,n50_distMed,4,Sensor_X,20,40,50,50,0.02,0.02,0.011736016849988299,0.0010455274794776705,0.009686820645365125,0.013785213054611473,0.015686150965813966,0.7924798393892575,0.8372093023255813,50,50,0.9935471236741167,0.7765159544497189,0.8205336774459766,0.6614933565617641
run_ID_20260727_172556_bdb342,point_sampling_sensitivity,n50_distMed,4,Sensor_Y,20,40,50,50,0.02,0.02,0.026716952600406848,0.019699765280943214,0.0,0.06532778305494813,0.015686150965813966,0.37984369965838083,0.324197112002979,50,50,0.980571720850917,0.44572990851754696,0.41462682361350317,0.2423708038463632
run_ID_20260727_172556_bdb342,point_sampling_sensitivity,n50_distMed,4,Sensor_Z,20,40,50,50,0.02,0.02,0.006091810833678375,0.0021569177116137097,0.001864329801298953,0.010319291866057796,0.015686150965813966,0.13746703084614637,0.24561403508771928,50,50,0.9501819052381038,0.1211830592591264,0.25511615041362984,0.07152922952778264
run_ID_20260727_172633_555d86,point_sampling_sensitivity,n50_distMed,5,Sensor_Clean,20,40,50,50,0.02,0.02,0.013550160125949676,0.0006452457202833178,0.012285501753015769,0.014814818498883584,0.014301463293420835,0.9677982031123178,0.9473684210526315,50,50,0.9991305953913787,0.9446107683266731,1.0,0.9446107683266731
run_ID_20260727_172633_555d86,point_sampling_sensitivity,n50_distMed,5,Sensor_X,20,40,50,50,0.02,0.02,0.010448667904158083,0.0013231077421014396,0.00785542438197315,0.013041911426343016,0.014301463293420835,0.7595662026675063,0.717948717948718,50,50,0.9918730494509026,0.6894319526574196,0.8701338983098449,0.6214267752854766
run_ID_20260727_172633_555d86,point_sampling_sensitivity,n50_distMed,5,Sensor_Y,20,40,50,50,0.02,0.02,0.0056844248539209994,0.000780202677687533,0.004155255705011723,0.007213594002830276,0.014301463293420835,0.4241906638080657,0.6842105263157895,50,50,0.9863531551323094,0.6192631011960733,0.3783147244943604,0.2785847950215774
run_ID_20260727_172633_555d86,point_sampling_sensitivity,n50_distMed,5,Sensor_Z,20,40,50,50,0.02,0.02,0.026351316519026894,0.019239936357472096,0.0,0.06406089884451496,0.014301463293420835,0.1683117919647961,0.2024223014527034,50,50,0.9502045476703641,0.11828123118826574,0.3079359829796237,0.08399790691058143
run_ID_20260727_172707_33ff7f,point_sampling_sensitivity,n50_distMed,6,Sensor_Clean,20,40,50,50,0.02,0.02,0.01619614817541466,0.0004722892717651751,0.015270478212470266,0.01712181813835905,0.01601576019221113,0.9411866025432538,0.979591836734694,50,50,0.9984730425837254,0.9178713273955774,0.9789725631704155,0.9011491679255877
run_ID_20260727_172707_33ff7f,point_sampling_sensitivity,n50_distMed,6,Sensor_X,20,40,50,50,0.02,0.02,0.01300451920210776,0.0011012022101660063,0.01084620253048648,0.01516283587372904,0.01601576019221113,0.7567487542065093,0.8505747126436781,50,50,0.9928564652542271,0.731129129965564,0.8101276600645095,0.6221332573450874
run_ID_20260727_172707_33ff7f,point_sampling_sensitivity,n50_distMed,6,Sensor_Y,20,40,50,50,0.02,0.02,0.006195728063664935,0.001290249724741902,0.0036668850721080885,0.00872457105522178,0.01601576019221113,0.39239252828336285,0.4848484848484848,50,50,0.9805798029682506,0.42001993718751685,0.4332307305313366,0.25565593761309097
run_ID_20260727_172707_33ff7f,point_sampling_sensitivity,n50_distMed,6,Sensor_Z,20,40,50,50,0.02,0.02,0.023711037135878143,0.01933469776021621,0.0,0.06160634839786916,0.01601576019221113,0.15112497539565062,0.1464367456549379,50,50,0.9543848668698034,0.11157244722873441,0.21919604191985576,0.07609872283221812
run_ID_20260727_172744_bd4339,point_sampling_sensitivity,n50_distMed,7,Sensor_Clean,20,40,50,50,0.02,0.02,0.015070639090355307,0.00030756406306847576,0.014467824603802288,0.015673453576908324,0.015446507355247366,0.9739271291183581,0.9898989898989898,50,50,0.999318146958536,0.9797738713585511,0.9718927340543468,0.9545541659470211
run_ID_20260727_172744_bd4339,point_sampling_sensitivity,n50_distMed,7,Sensor_X,20,40,50,50,0.02,0.02,0.013488778827741915,0.0012614969389927557,0.011016290260708592,0.015961267394775238,0.015446507355247366,0.7331838884149173,0.8235294117647058,50,50,0.9914982199059554,0.6764582041234121,0.8273193600679071,0.5875103866595524
run_ID_20260727_172744_bd4339,point_sampling_sensitivity,n50_distMed,7,Sensor_Y,20,40,50,50,0.02,0.02,0.00829696250749836,0.0015139974162984445,0.0053295820988667145,0.011264342916130007,0.015446507355247366,0.42013763147024696,0.5507246376811594,50,50,0.9790693365085387,0.4046626902792532,0.4841137690172744,0.26919396889862246
run_ID_20260727_172744_bd4339,point_sampling_sensitivity,n50_distMed,7,Sensor_Z,20,40,50,50,0.02,0.02,0.002553740770220483,0.0014439995955816051,0.0,0.0053839279712508325,0.015446507355247366,0.15338017518665356,0.11320754716981131,50,50,0.9520643021844496,0.10809732794131044,0.29142231809620706,0.08114084325894971
run_ID_20260727_172820_e0635f,point_sampling_sensitivity,n50_distMed,8,Sensor_Clean,20,40,50,50,0.02,0.02,0.012592143192019718,0.0002569825141228515,0.012088466719682374,0.013095819664357062,0.013307277039980319,0.9627205237446926,0.98989898989899,50,50,0.9991557567119281,0.979819976059686,0.951985555869774,0.9358907863567638
run_ID_20260727_172820_e0635f,point_sampling_sensitivity,n50_distMed,8,Sensor_X,20,40,50,50,0.02,0.02,0.007644183056291805,0.0009292737876351058,0.0058228399007498755,0.009465526211833735,0.013307277039980319,0.7671647155234392,0.7341772151898733,50,50,0.9944342867596255,0.7868552035083911,0.7711084898562156,0.6305848357176637
run_ID_20260727_172820_e0635f,point_sampling_sensitivity,n50_distMed,8,Sensor_Y,20,40,50,50,0.02,0.02,0.006062470118042436,0.0011547562129604642,0.003799189529716062,0.00832575070636881,0.013307277039980319,0.3692413087790612,0.5294117647058824,50,50,0.9812132802422238,0.3639896039157733,0.42021951691954323,0.22927292780785222
run_ID_20260727_172820_e0635f,point_sampling_sensitivity,n50_distMed,8,Sensor_Z,20,40,50,50,0.02,0.02,0.00471083548792885,0.0016679579812685639,0.0014416979169163307,0.00797997305894137,0.013307277039980319,0.141784165595101,0.24561403508771928,50,50,0.9597161050898662,0.11565504700254087,0.21356821384123473,0.06969995355178411
run_ID_20260727_172900_0724d5,point_sampling_sensitivity,n50_distMed,9,Sensor_Clean,20,40,50,50,0.02,0.02,0.013525317502385243,0.0004881588050429293,0.012568543825764993,0.014482091179005493,0.014324605109721191,0.9742114193589674,0.9690721649484536,50,50,0.9991793476168903,0.9782355612390512,0.9738332282211175,0.9536522915049176
run_ID_20260727_172900_0724d5,point_sampling_sensitivity,n50_distMed,9,Sensor_X,20,40,50,50,0.02,0.02,0.010699094667656102,0.0010970248893860867,0.008548965394315336,0.012849223940996867,0.014324605109721191,0.7427824568196001,0.7951807228915663,50,50,0.9927701480970159,0.7115494581095303,0.8054472483373243,0.6009960683711275
run_ID_20260727_172900_0724d5,point_sampling_sensitivity,n50_distMed,9,Sensor_Y,20,40,50,50,0.02,0.02,0.007314143962684194,0.0013346565145896465,0.00469826526235673,0.009930022663011658,0.014324605109721191,0.36988853714492315,0.5507246376811594,50,50,0.9796421538524152,0.3618621755730789,0.42806248870746205,0.22912398672455603
run_ID_20260727_172900_0724d5,point_sampling_sensitivity,n50_distMed,9,Sensor_Z,20,40,50,50,0.02,0.02,0.017932170041344217,0.017932170041344217,0.0,0.05307857748702702,0.014324605109721191,0.12057454721750249,0.0,50,50,0.8974690206656651,0.07225852182323458,0.42276951137940233,0.06539595201996914
run_ID_20260727_172943_3996f7,point_sampling_sensitivity,n50_distMed,10,Sensor_Clean,20,40,50,50,0.02,0.02,0.01453530776644222,0.00042385818192972497,0.013704560995307332,0.015366054537577107,0.014506674336590905,0.9806240086629677,0.9795918367346939,50,50,0.9992385182346208,0.9684116576257839,0.9955013736154543,0.9644103027664118
run_ID_20260727_172943_3996f7,point_sampling_sensitivity,n50_distMed,10,Sensor_X,20,40,50,50,0.02,0.02,0.010586212595704128,0.0011342370638254423,0.008363148800675803,0.012809276390732453,0.014506674336590905,0.7713581161531569,0.7804878048780487,50,50,0.9932795600132129,0.738125852666077,0.8280503912991666,0.636228404824439
run_ID_20260727_172943_3996f7,point_sampling_sensitivity,n50_distMed,10,Sensor_Y,20,40,50,50,0.02,0.02,0.006097010232050982,0.0006818908100109975,0.004760528803040582,0.007433491661061381,0.014506674336590905,0.4808031669883653,0.7654320987654321,50,50,0.9884670567001473,0.6996632297105263,0.41907700019797856,0.3294999086750933
run_ID_20260727_172943_3996f7,point_sampling_sensitivity,n50_distMed,10,Sensor_Z,20,40,50,50,0.02,0.02,0.0022063624597275316,0.000722201641586455,0.0007908732526423752,0.003621851666812688,0.014506674336590905,0.2176963085238761,0.27586206896551724,50,50,0.9767371998340628,0.24461735496438594,0.16319058100409592,0.10440457855613847
run_ID_20260727_173019_9fe7b4,point_sampling_sensitivity,n50_distHigh,1,Sensor_Clean,20,40,50,50,0.03,0.03,0.0419191529534548,0.0012223873236386516,0.03952331782396474,0.044314988082944866,0.042607630769403416,0.9719919672303748,0.9795918367346939,50,50,0.9985498558459996,0.9556799471335362,0.9912559126522422,0.9488710062922073
run_ID_20260727_173019_9fe7b4,point_sampling_sensitivity,n50_distHigh,1,Sensor_X,20,40,50,50,0.03,0.03,0.040733048384690954,0.0017159315239974016,0.03736988439771912,0.04409621237166279,0.042607630769403416,0.7945099368795919,0.9583333333333333,50,50,0.9898759744505983,0.7805582557408529,0.819038159417639,0.666839821388873
run_ID_20260727_173019_9fe7b4,point_sampling_sensitivity,n50_distHigh,1,Sensor_Y,20,40,50,50,0.03,0.03,0.07224082134786225,0.0269327605634286,0.0194535806393015,0.125028062056423,0.042607630769403416,0.47046539976578533,0.5968590767402568,50,50,0.9769879780537059,0.5546797156127166,0.43202746611524245,0.30800322579068606
run_ID_20260727_173019_9fe7b4,point_sampling_sensitivity,n50_distHigh,1,Sensor_Z,20,40,50,50,0.03,0.03,0.042285003817862925,0.018955366221287923,0.005133168710371498,0.07943683892535436,0.042607630769403416,0.19428595971223417,0.31895778474319064,50,50,0.9066666985345524,0.16314882863092436,0.4069758919276734,0.11744152587736852
run_ID_20260727_173054_e4d193,point_sampling_sensitivity,n50_distHigh,2,Sensor_Clean,20,40,50,50,0.03,0.03,0.07573350642547642,0.0,0.07573350642547642,0.07573350642547642,0.07512996145283524,0.9673165455568439,1.0,50,50,0.9982677243480728,0.9588542196162841,0.9788946102925639,0.9391387030962646
run_ID_20260727_173054_e4d193,point_sampling_sensitivity,n50_distHigh,2,Sensor_X,20,40,50,50,0.03,0.03,0.07040800019738577,0.0037142681662154435,0.06312816836267987,0.07768783203209167,0.07512996145283524,0.7975436411849659,0.9361702127659575,50,50,0.9891603803057342,0.7391100447190447,0.8771696577980765,0.6685817283815958
run_ID_20260727_173054_e4d193,point_sampling_sensitivity,n50_distHigh,2,Sensor_Y,20,40,50,50,0.03,0.03,0.0781191033371482,0.018929503792103505,0.04101795765941094,0.11522024901488545,0.07512996145283524,0.4621926954314353,0.8078676605303051,50,50,0.9780126535237624,0.5923917865166715,0.4234475808999635,0.322707951252374
run_ID_20260727_173054_e4d193,point_sampling_sensitivity,n50_distHigh,2,Sensor_Z,20,40,50,50,0.03,0.03,0.08995732481537787,0.03217573189832027,0.026894049118453556,0.15302060051230218,0.07512996145283524,0.18997193785681463,0.4477448691420612,50,50,0.9273613406977412,0.18326729317910084,0.24388532289071158,0.11674678637814626
run_ID_20260727_173130_14dc00,point_sampling_sensitivity,n50_distHigh,3,Sensor_Clean,20,40,50,50,0.03,0.03,0.021624513227351837,0.0007804768009946875,0.020094806806633215,0.02315421964807046,0.02331159682647884,0.9491351751811189,0.9690721649484536,50,50,0.998132200668881,0.961397473748126,0.9434354602547896,0.9087988174012244
run_ID_20260727_173130_14dc00,point_sampling_sensitivity,n50_distHigh,3,Sensor_X,20,40,50,50,0.03,0.03,0.018300679945519482,0.0018764486170605957,0.014622908237240724,0.02197845165379824,0.02331159682647884,0.7621660053979722,0.7951807228915663,50,50,0.9882984034232294,0.7105823894175624,0.8358473296508518,0.6199808894625609
run_ID_20260727_173130_14dc00,point_sampling_sensitivity,n50_distHigh,3,Sensor_Y,20,40,50,50,0.03,0.03,0.030280213943458555,0.019570066291192015,0.0,0.06863683904925626,0.02331159682647884,0.41860341110275257,0.3856405950834873,50,50,0.9719241473432453,0.4449933597688214,0.437445046421807,0.2739058263155461
run_ID_20260727_173130_14dc00,point_sampling_sensitivity,n50_distHigh,3,Sensor_Z,20,40,50,50,0.03,0.03,0.0281739433347789,0.01907892196241546,0.0,0.06556794324496346,0.02331159682647884,0.19449446179223406,0.21584404245283112,50,50,0.9324426726213021,0.15155416024522372,0.31857345558917566,0.11070660403705514
run_ID_20260727_173206_37840a,point_sampling_sensitivity,n50_distHigh,4,Sensor_Clean,20,40,50,50,0.03,0.03,0.026809506626166817,0.0,0.026809506626166817,0.026809506626166817,0.026104162866501177,0.9630601141728767,1.0,50,50,0.9985157781673131,0.9554718129411089,0.9783622551107062,0.9346746937521047
run_ID_20260727_173206_37840a,point_sampling_sensitivity,n50_distHigh,4,Sensor_X,20,40,50,50,0.03,0.03,0.02093571309609726,0.0013052991835475374,0.018377373707294548,0.023494052484899972,0.026104162866501177,0.7762910329168115,0.9130434782608695,50,50,0.9895855498441373,0.8047359787583404,0.762787242443018,0.6398820909548288
run_ID_20260727_173206_37840a,point_sampling_sensitivity,n50_distHigh,4,Sensor_Y,20,40,50,50,0.03,0.03,0.008640049646683745,0.00118587017032094,0.006315786822514323,0.010964312470853168,0.026104162866501177,0.46324927682044725,0.6842105263157895,50,50,0.9786164414674114,0.6376555996335981,0.3893694466877802,0.309538463212596
run_ID_20260727_173206_37840a,point_sampling_sensitivity,n50_distHigh,4,Sensor_Z,20,40,50,50,0.03,0.03,0.007389980252357424,0.0035800917600190994,0.00037312934137137457,0.014406831163343473,0.026104162866501177,0.1610044504171738,0.14814814814814814,50,50,0.9031797626882454,0.11065301550863653,0.3646271191652988,0.09017502720108142
run_ID_20260727_173240_f18e01,point_sampling_sensitivity,n50_distHigh,5,Sensor_Clean,20,40,50,50,0.03,0.03,0.022244559648923256,0.0008028556560694072,0.02067099147824294,0.02381812781960357,0.02225246225591565,0.9636618680668485,0.9690721649484535,50,50,0.9981873609274882,0.9406323091797066,0.9917221461154053,0.9327492459508445
run_ID_20260727_173240_f18e01,point_sampling_sensitivity,n50_distHigh,5,Sensor_X,20,40,50,50,0.03,0.03,0.01808070800049882,0.0021089766090228385,0.013947189802576646,0.022214226198420995,0.02225246225591565,0.7566377839134941,0.75,50,50,0.9860624947158503,0.7229869887052993,0.8273926437743367,0.6218404478686284
run_ID_20260727_173240_f18e01,point_sampling_sensitivity,n50_distHigh,5,Sensor_Y,20,40,50,50,0.03,0.03,0.031287663573686786,0.019683480043667455,0.0,0.06986657554968789,0.02225246225591565,0.4204116630354599,0.475850350997195,50,50,0.9778722365290186,0.5158753560675444,0.3809419067009829,0.271584018293709
run_ID_20260727_173240_f18e01,point_sampling_sensitivity,n50_distHigh,5,Sensor_Z,20,40,50,50,0.03,0.03,0.03876518339758199,0.026294795090123616,0.0,0.09030203475508491,0.02225246225591565,0.16063571066463844,0.024571994434759593,50,50,0.9332435995532993,0.1481873151159599,0.27550258926203075,0.0902076656663559
run_ID_20260727_173316_7b1349,point_sampling_sensitivity,n50_distHigh,6,Sensor_Clean,20,40,50,50,0.03,0.03,0.021864866554626237,0.0006375924565819043,0.020615208302911286,0.02311452480634119,0.02312396828403648,0.965929386392142,0.9795918367346939,50,50,0.9985803045371409,0.9818282565336531,0.9570222165835909,0.9393759720889846
run_ID_20260727_173316_7b1349,point_sampling_sensitivity,n50_distHigh,6,Sensor_X,20,40,50,50,0.03,0.03,0.017777008445956977,0.0016625405476217785,0.014518488849780792,0.021035528042133163,0.02312396828403648,0.7624964771399979,0.8235294117647058,50,50,0.9888697269222739,0.7335544541978001,0.807698219436618,0.6210940421867509
run_ID_20260727_173316_7b1349,point_sampling_sensitivity,n50_distHigh,6,Sensor_Y,20,40,50,50,0.03,0.03,0.030457570987190624,0.019670632300745648,0.0,0.06901130184978235,0.02312396828403648,0.43416159182736047,0.4408979352139523,50,50,0.9772299855753157,0.5309009232798727,0.4017370191088365,0.2848941108130516
run_ID_20260727_173316_7b1349,point_sampling_sensitivity,n50_distHigh,6,Sensor_Z,20,40,50,50,0.03,0.03,0.06106299987775711,0.03218946479003814,0.0,0.12415319154785204,0.02312396828403648,0.15242195015154272,0.07445736900574347,50,50,0.9380448077096304,0.11826342191187056,0.24310778821556772,0.08152705502552333
run_ID_20260727_173352_53ff73,point_sampling_sensitivity,n50_distHigh,7,Sensor_Clean,20,40,50,50,0.03,0.03,0.047166631344172295,0.0019869543973204703,0.043272272286500685,0.051060990401843906,0.050475123592686945,0.955331262586057,0.9583333333333334,50,50,0.9979686737029901,0.9421126674892264,0.974692476169187,0.9195919062229362
run_ID_20260727_173352_53ff73,point_sampling_sensitivity,n50_distHigh,7,Sensor_X,20,40,50,50,0.03,0.03,0.04163152438910107,0.0029736803135072187,0.03580321807309114,0.04745983070511099,0.050475123592686945,0.7929648501773929,0.888888888888889,50,50,0.9891461465834711,0.7813331477377066,0.8135180726841985,0.6614166461588686
run_ID_20260727_173352_53ff73,point_sampling_sensitivity,n50_distHigh,7,Sensor_Y,20,40,50,50,0.03,0.03,0.04032747556620517,0.0023244370486562326,0.03577166266650837,0.04488328846590196,0.050475123592686945,0.4564132952357609,0.924731182795699,50,50,0.9749583664819588,0.5621544578611589,0.4215924192389178,0.3083882917369209
run_ID_20260727_173352_53ff73,point_sampling_sensitivity,n50_distHigh,7,Sensor_Z,20,40,50,50,0.03,0.03,0.0483351186811782,0.019327741920229104,0.010453440615044128,0.08621679674731228,0.050475123592686945,0.21448044682127754,0.6032011983008511,50,50,0.9616459181577193,0.2719400189445547,0.18363478681239967,0.1245108339340691
run_ID_20260727_173430_440f38,point_sampling_sensitivity,n50_distHigh,8,Sensor_Clean,20,40,50,50,0.03,0.03,0.02553302085075416,0.0,0.02553302085075416,0.02553302085075416,0.026347072622819667,0.9561497650818307,1.0,50,50,0.99791685138095,0.9777681664348581,0.9414082840933498,0.9216283612620859
run_ID_20260727_173430_440f38,point_sampling_sensitivity,n50_distHigh,8,Sensor_X,20,40,50,50,0.03,0.03,0.02017615339067705,0.0013504224751986814,0.0175293739753742,0.022822932805979898,0.026347072622819667,0.791372057462034,0.901098901098901,50,50,0.9903679792655897,0.8308088724191716,0.7701579339967072,0.6598208124590477
run_ID_20260727_173430_440f38,point_sampling_sensitivity,n50_distHigh,8,Sensor_Y,20,40,50,50,0.03,0.03,0.05127034564430322,0.027526219950915372,0.0,0.10522074537862525,0.026347072622819667,0.45339875212814135,0.347697355469519,50,50,0.9784132492937134,0.6295832024370193,0.3832685507210677,0.3038678349653957
run_ID_20260727_173430_440f38,point_sampling_sensitivity,n50_distHigh,8,Sensor_Z,20,40,50,50,0.03,0.03,0.043441165436473674,0.027084610384157787,0.0,0.09652602632472249,0.026347072622819667,0.18009200328465455,0.12376254638854442,50,50,0.9510400147893975,0.17345960756661566,0.24324021558702347,0.10179208591934914
run_ID_20260727_173506_4b7f29,point_sampling_sensitivity,n50_distHigh,9,Sensor_Clean,20,40,50,50,0.03,0.03,0.020576742797321718,0.0007426604346881206,0.01912115509259014,0.022032330502053294,0.020878981281520846,0.9639994252183732,0.9690721649484536,50,50,0.9986503996806272,0.9497102132166577,0.9886337781739312,0.9391606318999686
run_ID_20260727_173506_4b7f29,point_sampling_sensitivity,n50_distHigh,9,Sensor_X,20,40,50,50,0.03,0.03,0.034535988123729086,0.019622435820287012,0.0,0.0729952556204403,0.020878981281520846,0.7872214037998774,0.5352482149769133,50,50,0.9916273423167349,0.7929826893744467,0.7947422650719793,0.653908973873564
run_ID_20260727_173506_4b7f29,point_sampling_sensitivity,n50_distHigh,9,Sensor_Y,20,40,50,50,0.03,0.03,0.010900651210576632,0.0011679269154189248,0.00861155651978058,0.013189745901372682,0.020878981281520846,0.43280814617580593,0.7804878048780488,50,50,0.9810333069770459,0.5558170206532588,0.39276134306146476,0.28651055771698314
run_ID_20260727_173506_4b7f29,point_sampling_sensitivity,n50_distHigh,9,Sensor_Z,20,40,50,50,0.03,0.03,0.004354385402052755,0.0014253071935655334,0.0015608346357584503,0.007147936168347061,0.020878981281520846,0.1660337762548228,0.2758620689655173,50,50,0.9620265522723666,0.17302446285299922,0.18825094701034287,0.09046178960778005
run_ID_20260727_173542_15936e,point_sampling_sensitivity,n50_distHigh,10,Sensor_Clean,20,40,50,50,0.03,0.03,0.03819347221050856,0.0018187367719289791,0.03462881364016912,0.041758130780848,0.040976263435570176,0.9559541727482542,0.9473684210526316,50,50,0.9977643294384846,0.9326189437551251,0.9857975885565806,0.9198077522842598
run_ID_20260727_173542_15936e,point_sampling_sensitivity,n50_distHigh,10,Sensor_X,20,40,50,50,0.03,0.03,0.05237993496574925,0.019318645646371927,0.014516085268768755,0.09024378466272974,0.040976263435570176,0.7966058564771316,0.714866956913134,50,50,0.9906150507020902,0.8063623541535431,0.7968076191028381,0.6670783209047828
run_ID_20260727_173542_15936e,point_sampling_sensitivity,n50_distHigh,10,Sensor_Y,20,40,50,50,0.03,0.03,0.0678457826131774,0.02703263860696475,0.014862784536439473,0.12082878068991534,0.040976263435570176,0.4629209083948955,0.5565470344168052,50,50,0.9719021091355187,0.5003005625425689,0.4541690797490492,0.3036719805155787
run_ID_20260727_173542_15936e,point_sampling_sensitivity,n50_distHigh,10,Sensor_Z,20,40,50,50,0.03,0.03,0.02608484439571561,0.004379046550923244,0.017502070869281707,0.03466761792214951,0.040976263435570176,0.19831530988397209,0.5915492957746479,50,50,0.9351925152267372,0.183559615809776,0.2996218634976515,0.1187850419495009
run_ID_20260727_173617_4a8204,point_sampling_sensitivity,n100_distLow,1,Sensor_Clean,20,40,100,100,0.01,0.01,0.025691945231672755,0.0,0.025691945231672755,0.025691945231672755,0.02679960391982791,0.918979067023567,1.0,100,100,0.9988527231682296,0.9972817970010157,0.8577995046230155,0.8551509991368255
run_ID_20260727_173617_4a8204,point_sampling_sensitivity,n100_distLow,1,Sensor_X,20,40,100,100,0.01,0.01,0.024454126404206643,0.001151499839641252,0.022197228190306142,0.026711024618107145,0.02679960391982791,0.6620448999511455,0.901098901098901,100,100,0.9946757891703515,0.5901982755444428,0.7843040664253582,0.508785260654705
run_ID_20260727_173617_4a8204,point_sampling_sensitivity,n100_distLow,1,Sensor_Y,20,40,100,100,0.01,0.01,0.03353433263905487,0.009779406075443194,0.014367048940994016,0.05270161633711573,0.02679960391982791,0.3876625275470866,0.7347668742635919,100,100,0.9887691206875194,0.3651961114655823,0.41479092317434135,0.23246727371273557
run_ID_20260727_173617_4a8204,point_sampling_sensitivity,n100_distLow,1,Sensor_Z,20,40,100,100,0.01,0.01,0.03876133438044183,0.013381017297730915,0.012535022400381762,0.0649876463605019,0.02679960391982791,0.10146075208556274,0.3300046642181356,100,100,0.9349066531534899,0.05989316790007976,0.30409862829964396,0.056072676266657635
run_ID_20260727_173655_373c71,point_sampling_sensitivity,n100_distLow,2,Sensor_Clean,20,40,100,100,0.01,0.01,0.008065100388066838,8.146566048552365e-05,0.007905430627538443,0.008224770148595233,0.008608264106679184,0.9606910038541624,0.9949748743718593,100,100,0.9992332315335671,0.9879529001571815,0.9189954143701357,0.9092440928932521
run_ID_20260727_173655_373c71,point_sampling_sensitivity,n100_distLow,2,Sensor_X,20,40,100,100,0.01,0.01,0.006708116892329608,0.00047315408406716934,0.005780751928419919,0.007635481856239297,0.008608264106679184,0.7396871649929909,0.8023952095808383,100,100,0.9957725246191323,0.710064993973143,0.8207785247075228,0.6053055689731147
run_ID_20260727_173655_373c71,point_sampling_sensitivity,n100_distLow,2,Sensor_Y,20,40,100,100,0.01,0.01,0.0026702307191764844,0.0003089828613092223,0.0020646354391702744,0.0032758259991826945,0.008608264106679184,0.37730515464874026,0.6013986013986015,100,100,0.991259478553396,0.5442915463172179,0.3195841195339085,0.21998415165139254
run_ID_20260727_173655_373c71,point_sampling_sensitivity,n100_distLow,2,Sensor_Z,20,40,100,100,0.01,0.01,0.012434014450187348,0.009583891190277763,0.0,0.03121809601488247,0.008608264106679184,0.10003405830404143,0.09558539245813122,100,100,0.9489643307640104,0.048346944076772584,0.25708668204323404,0.03975729521659333
run_ID_20260727_173730_3e5d1a,point_sampling_sensitivity,n100_distLow,3,Sensor_Clean,20,40,100,100,0.01,0.01,0.007363569516467778,7.437949006533113e-05,0.007217788394751274,0.007509350638184281,0.007783544499024162,0.9743964880863644,0.9949748743718593,100,100,0.9995605075176532,0.985233962880179,0.9681290457887811,0.9549915439250986
run_ID_20260727_173730_3e5d1a,point_sampling_sensitivity,n100_distLow,3,Sensor_X,20,40,100,100,0.01,0.01,0.005838702588208771,0.00030254839832888466,0.005245718623903879,0.006431686552513663,0.007783544499024162,0.7665327706945149,0.8826815642458101,100,100,0.9965248876955746,0.8056111074003827,0.7459091372808406,0.6295601730457424
run_ID_20260727_173730_3e5d1a,point_sampling_sensitivity,n100_distLow,3,Sensor_Y,20,40,100,100,0.01,0.01,0.003241843007021574,0.0006134940330294417,0.002039416797553642,0.004444269216489506,0.007783544499024162,0.34609205023989403,0.360655737704918,100,100,0.9855628205385631,0.35288147048892704,0.46263436299721244,0.21782415979232334
run_ID_20260727_173730_3e5d1a,point_sampling_sensitivity,n100_distLow,3,Sensor_Z,20,40,100,100,0.01,0.01,0.0014776195242666146,0.0010395444489172921,0.0,0.003515089204473045,0.007783544499024162,0.09407189083020379,0.0392156862745098,100,100,0.9261356254915925,0.04997073921581792,0.37223515153265074,0.04472034528640919
run_ID_20260727_173806_1185e4,point_sampling_sensitivity,n100_distLow,4,Sensor_Clean,20,40,100,100,0.01,0.01,0.007658121441956712,0.0001353565922534468,0.007392827396069883,0.007923415487843541,0.007952698562128654,0.9668674120939738,0.984771573604061,100,100,0.9995281966109829,0.9744521810010744,0.9709725322673682,0.9454247132684426
run_ID_20260727_173806_1185e4,point_sampling_sensitivity,n100_distLow,4,Sensor_X,20,40,100,100,0.01,0.01,0.00655505031217528,0.000560620636978436,0.005456254054707642,0.0076538465696429185,0.007952698562128654,0.7019337916280945,0.7341772151898734,100,100,0.995031094945675,0.6141255950788719,0.8681714089638343,0.5626522250571235
run_ID_20260727_173806_1185e4,point_sampling_sensitivity,n100_distLow,4,Sensor_Y,20,40,100,100,0.01,0.01,0.013614616730463512,0.009799331921118903,0.0,0.03282095436841026,0.007952698562128654,0.25117835753878087,0.20447522705248022,100,100,0.9772729346050403,0.20438876824905622,0.47522688986123046,0.150661832485115
run_ID_20260727_173806_1185e4,point_sampling_sensitivity,n100_distLow,4,Sensor_Z,20,40,100,100,0.01,0.01,0.002499924509534002,0.001428678591366939,0.0,0.00530008309409662,0.007952698562128654,0.07148274632709375,0.05825242718446602,100,100,0.9184257572277135,0.03526083430237798,0.3153048850487716,0.03247840559687616
run_ID_20260727_173844_276560,point_sampling_sensitivity,n100_distLow,5,Sensor_Clean,20,40,100,100,0.01,0.01,0.008611342658258232,0.00028849083372347695,0.008045911014290284,0.00917677430222618,0.008583149671590984,0.9458577180512728,0.9473684210526315,100,100,0.999003657577975,0.9120374104298299,0.9965924661327394,0.9086298765625693
run_ID_20260727_173844_276560,point_sampling_sensitivity,n100_distLow,5,Sensor_X,20,40,100,100,0.01,0.01,0.01738523577803478,0.00990800351053731,0.0,0.03680456581738433,0.008583149671590984,0.730107373245091,0.5417604350960377,100,100,0.9955791904061716,0.6767184586280514,0.8167448146048278,0.5932894279655221
run_ID_20260727_173844_276560,point_sampling_sensitivity,n100_distLow,5,Sensor_Y,20,40,100,100,0.01,0.01,0.0036812665022803153,0.00028353733234121183,0.0031255435426189764,0.004236989461941654,0.008583149671590984,0.4571400551434697,0.7730061349693251,100,100,0.9924911850565723,0.6390117612962505,0.37074110425978135,0.28847205927229547
run_ID_20260727_173844_276560,point_sampling_sensitivity,n100_distLow,5,Sensor_Z,20,40,100,100,0.01,0.01,0.012407096253300456,0.009653789181666013,0.0,0.031328175363708244,0.008583149671590984,0.11291290958043379,0.10693038868670755,100,100,0.9577971453202094,0.06407761738412034,0.26551523814282274,0.051993305868894314
run_ID_20260727_173928_03661c,point_sampling_sensitivity,n100_distLow,6,Sensor_Clean,20,40,100,100,0.01,0.01,0.006565161909838729,0.00015137391502193577,0.006268474488196908,0.006861849331480549,0.006801162523230383,0.9512312791338919,0.9743589743589743,100,100,0.9993458103047625,0.9430978505638878,0.9825322825027885,0.9264197040956751
run_ID_20260727_173928_03661c,point_sampling_sensitivity,n100_distLow,6,Sensor_X,20,40,100,100,0.01,0.01,0.0047652864137399725,0.00031353282728889743,0.004150773364282717,0.005379799463197228,0.006801162523230383,0.7200672149117988,0.8235294117647058,100,100,0.9964113482753335,0.7440446994449824,0.7364010833815867,0.5764590619233319
run_ID_20260727_173928_03661c,point_sampling_sensitivity,n100_distLow,6,Sensor_Y,20,40,100,100,0.01,0.01,0.00266084188004542,0.0004184385086589026,0.0018407174733293193,0.0034809662867615206,0.006801162523230383,0.4299214435564656,0.44961240310077516,100,100,0.9894216409398975,0.5082999704894315,0.40828732780674837,0.27071227073148735
run_ID_20260727_173928_03661c,point_sampling_sensitivity,n100_distLow,6,Sensor_Z,20,40,100,100,0.01,0.01,0.002196435026123912,0.0008737537748211994,0.00048390909611844093,0.0039089609561293835,0.006801162523230383,0.10227311587099162,0.11320754716981131,100,100,0.9609370712162445,0.05543630303984948,0.252595162956437,0.042953813019376154
run_ID_20260727_174005_9af22d,point_sampling_sensitivity,n100_distLow,7,Sensor_Clean,20,40,100,100,0.01,0.01,0.029924683280513988,0.0,0.029924683280513988,0.029924683280513988,0.02975855791385859,0.9625252341339894,1.0,100,100,0.9996782614282731,0.9556880604629489,0.9685862114324968,0.9254104754733188
run_ID_20260727_174005_9af22d,point_sampling_sensitivity,n100_distLow,7,Sensor_X,20,40,100,100,0.01,0.01,0.02869989206766119,0.0005072679530827303,0.027705665149107685,0.029694118986214695,0.02975855791385859,0.7587620481439376,0.9847715736040609,100,100,0.9967219729360999,0.7456246288465552,0.7488121690775398,0.605610481743659
run_ID_20260727_174005_9af22d,point_sampling_sensitivity,n100_distLow,7,Sensor_Y,20,40,100,100,0.01,0.01,0.024976958706541996,0.001095575487727298,0.022829670208251586,0.027124247204832405,0.02975855791385859,0.42036824536133327,0.9130434782608696,100,100,0.9899705175526661,0.4783538591532985,0.3885855185050526,0.2436572560514856
run_ID_20260727_174005_9af22d,point_sampling_sensitivity,n100_distLow,7,Sensor_Z,20,40,100,100,0.01,0.01,0.011538969668850216,0.009924345059145707,0.0,0.030990328554923834,0.02975855791385859,0.1716804692072615,0.16497619457580698,100,100,0.9612341449385855,0.12915863915174283,0.11193806925142916,0.05006476710396658
run_ID_20260727_174038_76f3b1,point_sampling_sensitivity,n100_distLow,8,Sensor_Clean,20,40,100,100,0.01,0.01,0.00744282351236153,0.0002052237737499436,0.007040592307040244,0.007845054717682817,0.007648150694348962,0.9620549187584492,0.9637305699481865,100,100,0.9994803918797273,0.9477906242741273,0.9951511164700488,0.9429417407441761
run_ID_20260727_174038_76f3b1,point_sampling_sensitivity,n100_distLow,8,Sensor_X,20,40,100,100,0.01,0.01,0.007405695259400745,0.0005582252837987721,0.006311593807895501,0.008499796710905989,0.007648150694348962,0.676297715064798,0.7804878048780487,100,100,0.9938798041518963,0.5814064213663623,0.8780230263777633,0.5351577767811039
run_ID_20260727_174038_76f3b1,point_sampling_sensitivity,n100_distLow,8,Sensor_Y,20,40,100,100,0.01,0.01,0.014321137788414016,0.009910346287534661,0.0,0.03374505958630218,0.007648150694348962,0.4085663689380279,0.35953684866984803,100,100,0.9891216199045999,0.43822031607951867,0.4492726615362807,0.26384866001510726
run_ID_20260727_174038_76f3b1,point_sampling_sensitivity,n100_distLow,8,Sensor_Z,20,40,100,100,0.01,0.01,0.001286343231723405,0.0005635287386235623,0.00018184719976793717,0.0023908392636788726,0.007648150694348962,0.15756381390161034,0.09523809523809525,100,100,0.9703572726660914,0.08461107640099699,0.2376287705803022,0.061077217812003946
run_ID_20260727_174112_fc28e5,point_sampling_sensitivity,n100_distLow,9,Sensor_Clean,20,40,100,100,0.01,0.01,0.0073409270112906955,0.00015060094183170483,0.007045754589262742,0.007636099433318649,0.007531654796893121,0.93361731903202,0.9795918367346939,100,100,0.9994114501122624,0.9238174609774037,0.9601015432224858,0.9030579604769106
run_ID_20260727_174112_fc28e5,point_sampling_sensitivity,n100_distLow,9,Sensor_X,20,40,100,100,0.01,0.01,0.006155773867351285,0.00042440998522671753,0.0053239455816277426,0.006987602153074828,0.007531654796893121,0.7439112997911447,0.8095238095238095,100,100,0.9961656216723478,0.7071787650792515,0.8347954164686244,0.6117387842713898
run_ID_20260727_174112_fc28e5,point_sampling_sensitivity,n100_distLow,9,Sensor_Y,20,40,100,100,0.01,0.01,0.012592722800691566,0.009910273454052338,0.0,0.03201650184757751,0.007531654796893121,0.3426082817727451,0.238641675050131,100,100,0.9893466842103757,0.390671023941121,0.3892606738678667,0.215348264054075
run_ID_20260727_174112_fc28e5,point_sampling_sensitivity,n100_distLow,9,Sensor_Z,20,40,100,100,0.01,0.01,0.0,0.0,0.0,0.0,0.007531654796893121,0.09904759093021002,0.0,100,100,0.9392859264044926,0.06343110531654034,0.314518422027107,0.04803262141256051
run_ID_20260727_174150_adbeca,point_sampling_sensitivity,n100_distLow,10,Sensor_Clean,20,40,100,100,0.01,0.01,0.02737221289093941,0.0,0.02737221289093941,0.02737221289093941,0.02684632483653863,0.9433086538812129,1.0,100,100,0.9993049879030587,0.9185845743832807,0.9923603793466808,0.9139314639609396
run_ID_20260727_174150_adbeca,point_sampling_sensitivity,n100_distLow,10,Sensor_X,20,40,100,100,0.01,0.01,0.0248652238300184,0.0008785694848567708,0.02314325928178322,0.02658718837825358,0.02684632483653863,0.7335084165338754,0.9417989417989419,100,100,0.9959412281459301,0.6955777885714652,0.8157726187013042,0.5999405468037783
run_ID_20260727_174150_adbeca,point_sampling_sensitivity,n100_distLow,10,Sensor_Y,20,40,100,100,0.01,0.01,0.022723831103154325,0.0015308063565729472,0.01972350577696637,0.025724156429342282,0.02684632483653863,0.36940601725897987,0.8165680473372782,100,100,0.9860357528606057,0.3504162485585787,0.47519495261811967,0.24675409584601568
run_ID_20260727_174150_adbeca,point_sampling_sensitivity,n100_distLow,10,Sensor_Z,20,40,100,100,0.01,0.01,0.04042901530933022,0.019416458454785106,0.0023734560306331795,0.07848457458802727,0.02684632483653863,0.17933962415945676,0.036581194900710885,100,100,0.9564569017310267,0.14796983355376045,0.15719777678671143,0.07526114630825423
run_ID_20260727_174227_b63f7b,point_sampling_sensitivity,n100_distMed,1,Sensor_Clean,20,40,100,100,0.02,0.02,0.015392572957081236,0.0003157824592158811,0.01477365071006862,0.01601149520409385,0.015179892522351014,0.9703380247890447,0.9795918367346939,100,100,0.999162041704522,0.9500676896227643,0.999867467090772,0.9499367037063329
run_ID_20260727_174227_b63f7b,point_sampling_sensitivity,n100_distMed,1,Sensor_X,20,40,100,100,0.02,0.02,0.022333783165048075,0.009860846787009828,0.0030068786054413023,0.04166068772465485,0.015179892522351014,0.7622497690672977,0.6445905897632682,100,100,0.99317446857569,0.7298592599701298,0.8309109500756634,0.625858846615031
run_ID_20260727_174227_b63f7b,point_sampling_sensitivity,n100_distMed,1,Sensor_Y,20,40,100,100,0.02,0.02,0.025997431139600458,0.013891795865998322,0.0,0.05322485071753958,0.015179892522351014,0.4574026893112703,0.314251596016736,100,100,0.9848842864252475,0.5505403165522316,0.46408648774063777,0.3094775948080361
run_ID_20260727_174227_b63f7b,point_sampling_sensitivity,n100_distMed,1,Sensor_Z,20,40,100,100,0.02,0.02,0.0184796491312625,0.00972071636081711,0.0,0.037531903102393294,0.015179892522351014,0.15124975371872318,0.28287225308818753,100,100,0.9494282569689861,0.10110618229733996,0.29000416165376086,0.0780644443181945
run_ID_20260727_174302_b604b6,point_sampling_sensitivity,n100_distMed,2,Sensor_Clean,20,40,100,100,0.02,0.02,0.014406297197445937,0.0,0.014406297197445937,0.014406297197445937,0.01523220004306973,0.9656902400537208,1.0,100,100,0.9989728722995818,0.9919838595603461,0.9464232147333129,0.9387140638225304
run_ID_20260727_174302_b604b6,point_sampling_sensitivity,n100_distMed,2,Sensor_X,20,40,100,100,0.02,0.02,0.01082678054725416,0.000695427020925383,0.009463768632364426,0.012189792462143894,0.01523220004306973,0.7708778034440944,0.8304093567251462,100,100,0.9934401523627081,0.7956143116371862,0.7751541568364794,0.6392277950180476
run_ID_20260727_174302_b604b6,point_sampling_sensitivity,n100_distMed,2,Sensor_Y,20,40,100,100,0.02,0.02,0.005998304069418046,0.0005677038955671957,0.004885624880223254,0.007110983258612838,0.01523220004306973,0.4362041417815772,0.69281045751634,100,100,0.9861159687398766,0.5630964886610587,0.3846802537526247,0.2941246325265359
run_ID_20260727_174302_b604b6,point_sampling_sensitivity,n100_distMed,2,Sensor_Z,20,40,100,100,0.02,0.02,0.025008261426548127,0.013224916586498188,0.0,0.050928621634630966,0.01523220004306973,0.13849710508624255,0.1333789664010809,100,100,0.9298288232836777,0.10005314240114313,0.350428437641212,0.07553294159765171
run_ID_20260727_174339_e7ae7b,point_sampling_sensitivity,n100_distMed,3,Sensor_Clean,20,40,100,100,0.02,0.02,0.016474043870764163,0.0006680322255014661,0.015164724768269149,0.017783362973259175,0.017445013632576188,0.9427936009534189,0.9247311827956989,100,100,0.9979957609784952,0.8998728064128408,0.9980828533451485,0.8984473076457707
run_ID_20260727_174339_e7ae7b,point_sampling_sensitivity,n100_distMed,3,Sensor_X,20,40,100,100,0.02,0.02,0.022307364878079248,0.00985198438875474,0.0029978302998690982,0.041616899456289394,0.017445013632576188,0.773637026315624,0.6060219156989185,100,100,0.9925744639546652,0.745559230221514,0.8276859179754243,0.6405507539582889
run_ID_20260727_174339_e7ae7b,point_sampling_sensitivity,n100_distMed,3,Sensor_Y,20,40,100,100,0.02,0.02,0.006405523535299252,0.0007117248372554724,0.005010568487375895,0.007800478583222609,0.017445013632576188,0.3977266383001885,0.6206896551724138,100,100,0.9803216251120096,0.4906911833579941,0.39140427473123734,0.2589200235582963
run_ID_20260727_174339_e7ae7b,point_sampling_sensitivity,n100_distMed,3,Sensor_Z,20,40,100,100,0.02,0.02,0.0032829117013356474,0.0009898351211997847,0.0013428705131512302,0.005222952889520065,0.017445013632576188,0.13063195641451664,0.18181818181818182,100,100,0.9546108569952365,0.11112125068855232,0.22678323931592906,0.06969199837252793
run_ID_20260727_174417_599031,point_sampling_sensitivity,n100_distMed,4,Sensor_Clean,20,40,100,100,0.02,0.02,0.013218352690054188,0.0002336331682503018,0.01276044009468961,0.013676265285418767,0.014250496715291765,0.9678273431137238,0.9847715736040609,100,100,0.9991338424459648,0.992938089475428,0.9501071031312819,0.9437900134149096
run_ID_20260727_174417_599031,point_sampling_sensitivity,n100_distMed,4,Sensor_X,20,40,100,100,0.02,0.02,0.021280044140390357,0.009865295166528617,0.0019444209171371914,0.040615667363643526,0.014250496715291765,0.755985987182876,0.6082461492824667,100,100,0.9932089251390008,0.7260287628291305,0.8136674193739468,0.6166472550465816
run_ID_20260727_174417_599031,point_sampling_sensitivity,n100_distMed,4,Sensor_Y,20,40,100,100,0.02,0.02,0.015824909784906197,0.009820865434393512,0.0,0.0350734523333318,0.014250496715291765,0.3678512513990031,0.30967289555147587,100,100,0.9768728373855671,0.32842333370276344,0.4643137482040286,0.23305475337514
run_ID_20260727_174417_599031,point_sampling_sensitivity,n100_distMed,4,Sensor_Z,20,40,100,100,0.02,0.02,0.04574906840401504,0.01856256663717072,0.009367106334535642,0.08213103047349443,0.014250496715291765,0.12542647485985173,0.15149851762266245,100,100,0.9311870902660333,0.08120629432834914,0.32759590044613734,0.06330924622978035
run_ID_20260727_174454_910be4,point_sampling_sensitivity,n100_distMed,5,Sensor_Clean,20,40,100,100,0.02,0.02,0.033215774011555114,0.00047690155635310124,0.032281064136931936,0.03415048388617829,0.03391014617368874,0.958969112366679,0.98989898989899,100,100,0.9988743802788747,0.9674673189904499,0.9648075697251698,0.9322864927528184
run_ID_20260727_174454_910be4,point_sampling_sensitivity,n100_distMed,5,Sensor_X,20,40,100,100,0.02,0.02,0.038557043942616644,0.009745204161929125,0.019456794763245716,0.05765729312198757,0.03391014617368874,0.76895453172566,0.7787933455277647,100,100,0.9929913853465979,0.737026213825751,0.8282282372165455,0.6370130634238169
run_ID_20260727_174454_910be4,point_sampling_sensitivity,n100_distMed,5,Sensor_Y,20,40,100,100,0.02,0.02,0.03638409625741051,0.009760462979326735,0.01725394034549359,0.05551425216932743,0.03391014617368874,0.44880835979347994,0.7612136995892627,100,100,0.9841501050881879,0.5564345392757881,0.45263809734450433,0.30761144695838605
run_ID_20260727_174454_910be4,point_sampling_sensitivity,n100_distMed,5,Sensor_Z,20,40,100,100,0.02,0.02,0.0351646245342505,0.00988596802094919,0.015788483260875376,0.05454076580762563,0.03391014617368874,0.18575989427694486,0.5094690602970678,100,100,0.9501627653894671,0.14264943702736835,0.2917278950458546,0.11018122821481575
run_ID_20260727_174530_9daeac,point_sampling_sensitivity,n100_distMed,6,Sensor_Clean,20,40,100,100,0.02,0.02,0.014760170119494626,0.0004374463987054635,0.013902790932865169,0.015617549306124082,0.0154503265130752,0.9778372629509382,0.9583333333333334,100,100,0.9992177652699507,0.9682446702621704,0.9921325051759834,0.960377175438154
run_ID_20260727_174530_9daeac,point_sampling_sensitivity,n100_distMed,6,Sensor_X,20,40,100,100,0.02,0.02,0.01261673921030182,0.000712571344648779,0.011220125038374934,0.014013353382228705,0.0154503265130752,0.7831685884474202,0.8636363636363636,100,100,0.9932606618325328,0.7664917422235425,0.822031923634941,0.6516269790071594
run_ID_20260727_174530_9daeac,point_sampling_sensitivity,n100_distMed,6,Sensor_Y,20,40,100,100,0.02,0.02,0.006817638377762418,0.000727621243434979,0.0053915269462436076,0.008243749809281227,0.0154503265130752,0.4770507204438794,0.6394557823129251,100,100,0.9838605451686606,0.5301544546446235,0.4515170720464626,0.31573073133035073
run_ID_20260727_174530_9daeac,point_sampling_sensitivity,n100_distMed,6,Sensor_Z,20,40,100,100,0.02,0.02,0.013687333819033209,0.00978238955725201,0.0,0.03286046503398787,0.0154503265130752,0.16352569383358967,0.19741022428676488,100,100,0.9644338689817944,0.15429980238522445,0.19946977515718142,0.08395973585203509
run_ID_20260727_174609_897c1a,point_sampling_sensitivity,n100_distMed,7,Sensor_Clean,20,40,100,100,0.02,0.02,0.03120113337441808,0.00031516296337796054,0.03058342531693636,0.031818841431899794,0.03188949996448831,0.961138477949089,0.9949748743718594,100,100,0.9989172090446929,0.9747900305588443,0.9552363109566933,0.930557002312414
run_ID_20260727_174609_897c1a,point_sampling_sensitivity,n100_distMed,7,Sensor_X,20,40,100,100,0.02,0.02,0.04072045504374114,0.00971075727263575,0.021687720526764667,0.05975318956071761,0.03188949996448831,0.7804698431301744,0.8257982112712647,100,100,0.9936895660663241,0.7525487603208421,0.8450975333452874,0.6535129043136856
run_ID_20260727_174609_897c1a,point_sampling_sensitivity,n100_distMed,7,Sensor_Y,20,40,100,100,0.02,0.02,0.035088635861339416,0.009820409876934125,0.015840986189127108,0.05433628553355173,0.03188949996448831,0.38779328234640664,0.6136869009050241,100,100,0.9700318689214689,0.36558596038423596,0.5321612630980083,0.2585800266349413
run_ID_20260727_174609_897c1a,point_sampling_sensitivity,n100_distMed,7,Sensor_Z,20,40,100,100,0.02,0.02,0.02260004702542152,0.004155977523186471,0.01445448075941806,0.03074561329142498,0.03188949996448831,0.14125051787170576,0.37398373983739835,100,100,0.9195394845942211,0.09202385663343092,0.3622276727130863,0.08226098927210952
run_ID_20260727_174647_26283c,point_sampling_sensitivity,n100_distMed,8,Sensor_Clean,20,40,100,100,0.02,0.02,0.025079626122146433,0.000253329556789358,0.024583109314619798,0.025576142929673067,0.02577660110197977,0.9668299238038542,0.9949748743718593,100,100,0.9989342462832986,0.9822804528610515,0.9578676628663262,0.9403005626295856
run_ID_20260727_174647_26283c,point_sampling_sensitivity,n100_distMed,8,Sensor_X,20,40,100,100,0.02,0.02,0.03320250788409837,0.009773499771776595,0.014046800328505804,0.052358215439690936,0.02577660110197977,0.764824315533774,0.776054317196194,100,100,0.992359292314722,0.7457506694370555,0.8143846490478556,0.6325871597202937
run_ID_20260727_174647_26283c,point_sampling_sensitivity,n100_distMed,8,Sensor_Y,20,40,100,100,0.02,0.02,0.03277387295700439,0.013756054956555125,0.005812500672802645,0.05973524524120613,0.02577660110197977,0.4235219448416622,0.4442677338770774,100,100,0.97907445889899,0.4740720529705061,0.4388827063244761,0.2776320518261955
run_ID_20260727_174647_26283c,point_sampling_sensitivity,n100_distMed,8,Sensor_Z,20,40,100,100,0.02,0.02,0.03502235322871293,0.016824676176241695,0.002046593871730139,0.06799811258569571,0.02577660110197977,0.1630480822706896,0.2041319307933417,100,100,0.9632614365671044,0.2027311768428666,0.15341481045163974,0.08647622030310437
run_ID_20260727_174727_ca25cc,point_sampling_sensitivity,n100_distMed,9,Sensor_Clean,20,40,100,100,0.02,0.02,0.03267359411518094,0.0004691171092312531,0.03175414147655614,0.03359304675380574,0.032694871723055,0.9737571937709826,0.9898989898989898,100,100,0.9993339421997156,0.9548899491119597,0.9969017413985967,0.9517916905105565
run_ID_20260727_174727_ca25cc,point_sampling_sensitivity,n100_distMed,9,Sensor_X,20,40,100,100,0.02,0.02,0.040019014694709004,0.009730012261744614,0.02094854109255645,0.05908948829686156,0.032694871723055,0.760792283371845,0.7975346987164237,100,100,0.9926512472884911,0.6968016515964545,0.8634887611838178,0.6238705415720263
run_ID_20260727_174727_ca25cc,point_sampling_sensitivity,n100_distMed,9,Sensor_Y,20,40,100,100,0.02,0.02,0.0243071195516142,0.0011445775573078604,0.022063788761777964,0.026550450341450437,0.032694871723055,0.44289049278547665,0.9010989010989011,100,100,0.9861179955175409,0.5753782742143168,0.390190272416809,0.2933181842232197
run_ID_20260727_174727_ca25cc,point_sampling_sensitivity,n100_distMed,9,Sensor_Z,20,40,100,100,0.02,0.02,0.023449719981167582,0.003142380711775061,0.017290766960375122,0.029608673001960042,0.032694871723055,0.19193250113178834,0.5294117647058824,100,100,0.9497603651253195,0.14498099717934074,0.31124761172913784,0.10810442994730622
run_ID_20260727_174806_e26013,point_sampling_sensitivity,n100_distMed,10,Sensor_Clean,20,40,100,100,0.02,0.02,0.015739157775625207,0.00022597783921192007,0.015296249349465661,0.016182066201784754,0.015871625681169677,0.9657684897520264,0.98989898989899,100,100,0.999106706844683,0.9594309501585059,0.9818815086624756,0.9418110690534527
run_ID_20260727_174806_e26013,point_sampling_sensitivity,n100_distMed,10,Sensor_X,20,40,100,100,0.02,0.02,0.013805389100934852,0.0006937469050403449,0.012445670152669647,0.015165108049200057,0.015871625681169677,0.7736927222259574,0.888888888888889,100,100,0.9933361544381707,0.7450108428486509,0.8252851637315993,0.6393814932562907
run_ID_20260727_174806_e26013,point_sampling_sensitivity,n100_distMed,10,Sensor_Y,20,40,100,100,0.02,0.02,0.02608720022841408,0.013915473637272979,0.0,0.05336102738528571,0.015871625681169677,0.4159227804645859,0.3327424333164417,100,100,0.9849423550590755,0.5297840461258791,0.38396535201388854,0.27553266053092573
run_ID_20260727_174806_e26013,point_sampling_sensitivity,n100_distMed,10,Sensor_Z,20,40,100,100,0.02,0.02,0.011545123166687979,0.009650881682859063,0.0,0.03046050368414905,0.015871625681169677,0.13921517476028633,0.07698946324004059,100,100,0.9555521352131956,0.09821086180764281,0.21780229077606378,0.06697477139787601
run_ID_20260727_174845_fea66f,point_sampling_sensitivity,n100_distHigh,1,Sensor_Clean,20,40,100,100,0.03,0.03,0.024542988814649457,0.0005658913449865441,0.0234338621593129,0.025652115469986015,0.02516775173761424,0.9750332748377384,0.9743589743589743,100,100,0.998408073618729,0.9668842376366718,0.9863633102574265,0.9538485047640783
run_ID_20260727_174845_fea66f,point_sampling_sensitivity,n100_distHigh,1,Sensor_X,20,40,100,100,0.03,0.03,0.022381946331667055,0.0011247351221213796,0.020177506000161893,0.024586386663172217,0.02516775173761424,0.7841421453692935,0.8888888888888888,100,100,0.9882985733070446,0.7551162825104073,0.824649550021717,0.6488303569829911
run_ID_20260727_174845_fea66f,point_sampling_sensitivity,n100_distHigh,1,Sensor_Y,20,40,100,100,0.03,0.03,0.040743518400437426,0.016785304956580985,0.00784492521601704,0.07364211158485781,0.02516775173761424,0.463963314623157,0.3570783900175633,100,100,0.9742059189020958,0.5215751683420538,0.44626772800344483,0.3003360091471968
run_ID_20260727_174845_fea66f,point_sampling_sensitivity,n100_distHigh,1,Sensor_Z,20,40,100,100,0.03,0.03,0.0369056960011343,0.01659067645081747,0.004388567678375255,0.06942282432389335,0.02516775173761424,0.18051046921543765,0.21831833988212782,100,100,0.9487804161887746,0.1837821567519529,0.21050627668461735,0.09690824461302786
run_ID_20260727_174925_739a83,point_sampling_sensitivity,n100_distHigh,2,Sensor_Clean,20,40,100,100,0.03,0.03,0.022928273351530422,0.0005821909522560289,0.021787200052983527,0.024069346650077317,0.024096260795624415,0.97357443492191,0.9690721649484536,100,100,0.9986232384153733,0.9677458197168178,0.9824323160224349,0.9504568654522154
run_ID_20260727_174925_739a83,point_sampling_sensitivity,n100_distHigh,2,Sensor_X,20,40,100,100,0.03,0.03,0.01868681547900238,0.0011132392602123807,0.0165049066228101,0.02086872433519466,0.024096260795624415,0.7877767134004502,0.8505747126436782,100,100,0.9896619378126186,0.7751652760507413,0.8082936417438024,0.6541095852878875
run_ID_20260727_174925_739a83,point_sampling_sensitivity,n100_distHigh,2,Sensor_Y,20,40,100,100,0.03,0.03,0.009509480994653471,0.0010149116163626747,0.007520290779091297,0.011498671210215645,0.024096260795624415,0.4247668835113333,0.6394557823129251,100,100,0.9751066069870227,0.4935941772399006,0.3868003902889577,0.26868604952628183
run_ID_20260727_174925_739a83,point_sampling_sensitivity,n100_distHigh,2,Sensor_Z,20,40,100,100,0.03,0.03,0.025780660781301434,0.013390917237941757,0.0,0.052026376287623854,0.024096260795624415,0.16682454892736448,0.16597726075316324,100,100,0.9305070261533652,0.12744344317536135,0.28341531381199764,0.09359410274184618
run_ID_20260727_175005_78dd6b,point_sampling_sensitivity,n100_distHigh,3,Sensor_Clean,20,40,100,100,0.03,0.03,0.022901884146443518,0.00040478869625417926,0.022108512880436405,0.02369525541245063,0.023492149903674125,0.972829918811591,0.984771573604061,100,100,0.998609348982859,0.9714891279089463,0.977627046547531,0.9498407621154958
run_ID_20260727_175005_78dd6b,point_sampling_sensitivity,n100_distHigh,3,Sensor_X,20,40,100,100,0.03,0.03,0.03274955536821854,0.009783691949854727,0.013573871510668818,0.05192523922576826,0.023492149903674125,0.7588667958596353,0.7308828082158209,100,100,0.9873146436490057,0.6759896891047473,0.8761007990901044,0.6160648761687628
run_ID_20260727_175005_78dd6b,point_sampling_sensitivity,n100_distHigh,3,Sensor_Y,20,40,100,100,0.03,0.03,0.02151851333102539,0.009834215422135322,0.002243805287431795,0.040793221374618986,0.023492149903674125,0.4696773075148671,0.516681307796416,100,100,0.9754046529900485,0.5298803804317012,0.4606382196674134,0.31490448573691066
run_ID_20260727_175005_78dd6b,point_sampling_sensitivity,n100_distHigh,3,Sensor_Z,20,40,100,100,0.03,0.03,0.02475403207691271,0.013721419980673213,0.0,0.05164752105578049,0.023492149903674125,0.19862448412185707,0.20157200862198607,100,100,0.9607614569314029,0.250363247017145,0.1961921878592453,0.10508635776526212
run_ID_20260727_175042_9235f5,point_sampling_sensitivity,n100_distHigh,4,Sensor_Clean,20,40,100,100,0.03,0.03,0.053746164366880254,0.0,0.053746164366880254,0.053746164366880254,0.05494075840115615,0.9718310818458087,1.0,100,100,0.9986403940139393,0.9979283558635226,0.9515233381565953,0.9494913721689082
run_ID_20260727_175042_9235f5,point_sampling_sensitivity,n100_distHigh,4,Sensor_X,20,40,100,100,0.03,0.03,0.05853574171005079,0.003487179817797335,0.05170099485955307,0.06537048856054851,0.05494075840115615,0.7852515655616026,0.8505747126436782,100,100,0.9640468356078893,0.7196061057387149,0.850879590738873,0.6359783029853567
run_ID_20260727_175042_9235f5,point_sampling_sensitivity,n100_distHigh,4,Sensor_Y,20,40,100,100,0.03,0.03,0.055652986032206746,0.005059362366564249,0.045736818009003484,0.06556915405541001,0.05494075840115615,0.4076523995397869,0.7096774193548387,100,100,0.9305164121651792,0.32258286349602844,0.5992935637870768,0.2628811901018296
run_ID_20260727_175042_9235f5,point_sampling_sensitivity,n100_distHigh,4,Sensor_Z,20,40,100,100,0.03,0.03,0.05028113718911118,0.011751667732043775,0.027248291676023884,0.07331398270219848,0.05494075840115615,0.15184423114367707,0.3102836337731297,100,100,0.8062151867685998,0.09890815309344228,0.5485633874839994,0.09185439528728806
run_ID_20260727_175114_b09162,point_sampling_sensitivity,n100_distHigh,5,Sensor_Clean,20,40,100,100,0.03,0.03,0.021648682580624107,0.0003826384738214756,0.02089872495283464,0.022398640208413572,0.021277946846364942,0.9664153328200584,0.984771573604061,100,100,0.9986704075251627,0.9517128203092277,0.9848722132860137,0.9389894575492811
run_ID_20260727_175114_b09162,point_sampling_sensitivity,n100_distHigh,5,Sensor_X,20,40,100,100,0.03,0.03,0.01886926703512398,0.0011533414098314264,0.016608759409975735,0.021129774660272223,0.021277946846364942,0.7560664428134515,0.8439306358381502,100,100,0.9889667992134739,0.70119870232931,0.8437000568561757,0.6174808059024761
run_ID_20260727_175114_b09162,point_sampling_sensitivity,n100_distHigh,5,Sensor_Y,20,40,100,100,0.03,0.03,0.008755933998720263,0.0014846157644874682,0.005846140569444427,0.0116657274279961,0.021277946846364942,0.38563656720895084,0.4126984126984127,100,100,0.9672813588736655,0.3592478791932439,0.4845720405791926,0.24710147111267947
run_ID_20260727_175114_b09162,point_sampling_sensitivity,n100_distHigh,5,Sensor_Z,20,40,100,100,0.03,0.03,0.014267689986078119,0.009833244374765432,0.0,0.03354049481179945,0.021277946846364942,0.1686734687424939,0.2585088356854832,100,100,0.9667326096072444,0.20376378262701472,0.1499695184210407,0.08569164662460631
run_ID_20260727_175152_28d007,point_sampling_sensitivity,n100_distHigh,6,Sensor_Clean,20,40,100,100,0.03,0.03,0.02157403835806935,0.0005478044396593918,0.020500361385765796,0.0226477153303729,0.022019054871739687,0.9738929144091445,0.9690721649484536,100,100,0.9987206068875609,0.9575184061523034,0.995201502991693,0.952797079368346
run_ID_20260727_175152_28d007,point_sampling_sensitivity,n100_distHigh,6,Sensor_X,20,40,100,100,0.03,0.03,0.0277092600716834,0.009818369503984932,0.00846560945696654,0.046952910686400263,0.022019054871739687,0.7961755447636941,0.7345544423102436,100,100,0.9913327449537244,0.8272842007164432,0.7763945032536267,0.6657202630827058
run_ID_20260727_175152_28d007,point_sampling_sensitivity,n100_distHigh,6,Sensor_Y,20,40,100,100,0.03,0.03,0.010686062296683195,0.001140483772371658,0.008450755177882368,0.012921369415484022,0.022019054871739687,0.45619164300500653,0.6394557823129252,100,100,0.9771704934023917,0.4983830590018491,0.4777878359911386,0.3045457104795522
run_ID_20260727_175152_28d007,point_sampling_sensitivity,n100_distHigh,6,Sensor_Z,20,40,100,100,0.03,0.03,0.025819376039864582,0.01150514504950341,0.0032697061059286034,0.04836904597380056,0.022019054871739687,0.10017913331875257,0.07347971222911802,100,100,0.7198557383214015,0.05517587316142918,0.6835631140803811,0.0534463601980575
run_ID_20260727_175231_9d93c4,point_sampling_sensitivity,n100_distHigh,7,Sensor_Clean,20,40,100,100,0.03,0.03,0.023290629250162304,0.0006422012855458061,0.0220319378596672,0.02454932064065741,0.024553780488097744,0.9766418029113779,0.9637305699481866,100,100,0.9985987750595371,0.9687930317603783,0.9868008500474375,0.9562393163786738
run_ID_20260727_175231_9d93c4,point_sampling_sensitivity,n100_distHigh,7,Sensor_X,20,40,100,100,0.03,0.03,0.03995160168329441,0.01373506006890808,0.013031378622740342,0.06687182474384848,0.024553780488097744,0.7742492145159857,0.6061235103766094,100,100,0.9890501632880936,0.733728047157972,0.833508441918729,0.638227327714634
run_ID_20260727_175231_9d93c4,point_sampling_sensitivity,n100_distHigh,7,Sensor_Y,20,40,100,100,0.03,0.03,0.03219435854619333,0.013738574175491782,0.005267247963297372,0.05912146912908929,0.024553780488097744,0.4449400711395601,0.41729040497209097,100,100,0.9722511339920107,0.4488878553342167,0.47896187698744763,0.2945349808431641
run_ID_20260727_175231_9d93c4,point_sampling_sensitivity,n100_distHigh,7,Sensor_Z,20,40,100,100,0.03,0.03,0.02586663486007635,0.013652929733083173,0.0,0.052625885420375426,0.024553780488097744,0.18457341131086263,0.21719888246350186,100,100,0.953783037698235,0.1820045065438844,0.20627664245942653,0.10058148635436914
run_ID_20260727_175316_572caa,point_sampling_sensitivity,n100_distHigh,8,Sensor_Clean,20,40,100,100,0.03,0.03,0.04246219712795765,0.00042891108210058254,0.041621546854470406,0.0433028474014449,0.0434837339096465,0.9668132955927368,0.9949748743718593,100,100,0.9983657862170505,0.9803144340084549,0.9583660693466654,0.9405778277582824
run_ID_20260727_175316_572caa,point_sampling_sensitivity,n100_distHigh,8,Sensor_X,20,40,100,100,0.03,0.03,0.03835118518068012,0.001987271911034072,0.034456203807565255,0.042246166553794984,0.0434837339096465,0.7497892443484879,0.8826815642458101,100,100,0.9856824118331706,0.7147883411650937,0.825495629669868,0.6139848932072274
run_ID_20260727_175316_572caa,point_sampling_sensitivity,n100_distHigh,8,Sensor_Y,20,40,100,100,0.03,0.03,0.06423454399644707,0.01646415346411646,0.03196539617083844,0.0965036918220557,0.0434837339096465,0.45394595507895036,0.6414301223204615,100,100,0.9715585187859558,0.4633058099429837,0.492581121341479,0.3006184587281435
run_ID_20260727_175316_572caa,point_sampling_sensitivity,n100_distHigh,8,Sensor_Z,20,40,100,100,0.03,0.03,0.024879049196419353,0.01376479730362333,0.0,0.05185755616601513,0.0434837339096465,0.21968603605201933,0.21783991416284376,100,100,0.9373722193555695,0.27802288224603194,0.22501495514758335,0.11856477565201265
run_ID_20260727_175356_aa49a3,point_sampling_sensitivity,n100_distHigh,9,Sensor_Clean,20,40,100,100,0.03,0.03,0.0425066271798236,0.0007513007265367397,0.04103410481425281,0.043979149545394385,0.04311314191345116,0.9689660489330449,0.9847715736040609,100,100,0.9986133988636823,0.9568097591777288,0.9874895177739089,0.9451059814710832
run_ID_20260727_175356_aa49a3,point_sampling_sensitivity,n100_distHigh,9,Sensor_X,20,40,100,100,0.03,0.03,0.03763191090053226,0.0015888205235384863,0.03451787989649875,0.04074594190456576,0.04311314191345116,0.8148002990178175,0.918918918918919,100,100,0.992171680824109,0.7942107942126859,0.848074533871696,0.6961053087738696
run_ID_20260727_175356_aa49a3,point_sampling_sensitivity,n100_distHigh,9,Sensor_Y,20,40,100,100,0.03,0.03,0.051017523940718124,0.013597650617124942,0.024366618456794397,0.07766842942464185,0.04311314191345116,0.4813340730190947,0.6775769708232827,100,100,0.9778775667809162,0.5599453935861523,0.48095047919002626,0.3353375896791425
run_ID_20260727_175356_aa49a3,point_sampling_sensitivity,n100_distHigh,9,Sensor_Z,20,40,100,100,0.03,0.03,0.05685236003029001,0.01605241022737013,0.025390214119582137,0.08831450594099788,0.04311314191345116,0.17225162638598102,0.36617939418898204,100,100,0.9102271004744699,0.13835933527043895,0.3525218538926306,0.10281227476910235
run_ID_20260727_175431_36b7d2,point_sampling_sensitivity,n100_distHigh,10,Sensor_Clean,20,40,100,100,0.03,0.03,0.021170328655030733,0.0005837374392790702,0.020026224297616118,0.02231443301244535,0.02267623933740762,0.9745146119537866,0.9637305699481866,100,100,0.9988764983694205,0.9751944235193056,0.9757752188880704,0.9521013246689474
run_ID_20260727_175431_36b7d2,point_sampling_sensitivity,n100_distHigh,10,Sensor_X,20,40,100,100,0.03,0.03,0.018665522809264763,0.001083083485941474,0.01654271818456938,0.020788327433960148,0.02267623933740762,0.785822231883556,0.8571428571428572,100,100,0.9902599704969143,0.7566364542597688,0.8257474780594145,0.6520349577804205
run_ID_20260727_175431_36b7d2,point_sampling_sensitivity,n100_distHigh,10,Sensor_Y,20,40,100,100,0.03,0.03,0.04809920697498251,0.01937460771147598,0.010125673645897587,0.08607274030406743,0.02267623933740762,0.4147615154960125,0.2690430439490401,100,100,0.9782335240622742,0.5571241123830859,0.37168749518005395,0.27300304079015986
run_ID_20260727_175431_36b7d2,point_sampling_sensitivity,n100_distHigh,10,Sensor_Z,20,40,100,100,0.03,0.03,0.034372618240252624,0.01679530075298964,0.001454433654874479,0.06729080282563077,0.02267623933740762,0.20502752174875208,0.1788369356847926,100,100,0.9662637686111657,0.261384432455136,0.1994807833037729,0.11029926793304626
run_ID_20260727_175507_c2350d,point_sampling_sensitivity,n200_distLow,1,Sensor_Clean,20,40,200,200,0.01,0.01,0.007667302885561524,0.0002238293457685797,0.007228605429171945,0.008106000341951103,0.008139494249660203,0.9207426722613894,0.9218328840970351,200,200,0.9988397003529027,0.8860768540284797,0.9865913374695673,0.872668191498047
run_ID_20260727_175507_c2350d,point_sampling_sensitivity,n200_distLow,1,Sensor_X,20,40,200,200,0.01,0.01,0.006686531072802079,0.0002700125157848857,0.00615731626648865,0.007215745879115509,0.008139494249660203,0.7375661752399911,0.8603988603988604,200,200,0.9959499414644608,0.7398511258792622,0.7849314273057821,0.6046677619100597
run_ID_20260727_175507_c2350d,point_sampling_sensitivity,n200_distLow,1,Sensor_Y,20,40,200,200,0.01,0.01,0.008283501040082249,0.004963305041422611,0.0,0.01801140016555665,0.008139494249660203,0.3605686461352666,0.3770643541509894,200,200,0.9898250789844877,0.42197288161610036,0.35422198191270926,0.21383055546049037
run_ID_20260727_175507_c2350d,point_sampling_sensitivity,n200_distLow,1,Sensor_Z,20,40,200,200,0.01,0.01,0.0038232195833417634,0.0014230899065028457,0.0010340146198337132,0.006612424546849814,0.008139494249660203,0.06864615389584866,0.0676328502415459,200,200,0.8929760238438913,0.03664041654841241,0.40750865340929715,0.03499481360272054
run_ID_20260727_175546_5b594f,point_sampling_sensitivity,n200_distLow,2,Sensor_Clean,20,40,200,200,0.01,0.01,0.0072145708818596305,0.0,0.0072145708818596305,0.0072145708818596305,0.007770793379448975,0.9399911582998585,1.0,200,200,0.999343468742133,1.0,0.9152800024302693,0.9152800024302693
run_ID_20260727_175546_5b594f,point_sampling_sensitivity,n200_distLow,2,Sensor_X,20,40,200,200,0.01,0.01,0.006481534057353197,0.000293643974574116,0.005906002442910734,0.007057065671795659,0.007770793379448975,0.7438086733135594,0.8304093567251462,200,200,0.995891881289199,0.7177494154633361,0.8065641488265173,0.6118318483184524
run_ID_20260727_175546_5b594f,point_sampling_sensitivity,n200_distLow,2,Sensor_Y,20,40,200,200,0.01,0.01,0.003226358933169545,0.00023100917678941363,0.002773589266564048,0.003679128599775042,0.007770793379448975,0.3981631120150992,0.6622073578595318,200,200,0.9916157065271335,0.5120490432315258,0.33666478808405753,0.231405201685778
run_ID_20260727_175546_5b594f,point_sampling_sensitivity,n200_distLow,2,Sensor_Z,20,40,200,200,0.01,0.01,0.005881771579392708,0.004911364557862352,0.0,0.015507869227749405,0.007770793379448975,0.10201247797425604,0.07691313002434294,200,200,0.9767510862523989,0.07437813820188699,0.13839272051586118,0.03823490263694768
run_ID_20260727_175624_6e7fff,point_sampling_sensitivity,n200_distLow,3,Sensor_Clean,20,40,200,200,0.01,0.01,0.045843491562694204,0.0,0.045843491562694204,0.045843491562694204,0.04600372158572837,0.9637610747502965,1.0,200,200,0.9996945220198965,0.97672441483716,0.9669726195550151,0.9436970343921751
run_ID_20260727_175624_6e7fff,point_sampling_sensitivity,n200_distLow,3,Sensor_X,20,40,200,200,0.01,0.01,0.049737424156313687,0.004857481628247196,0.040216935109384205,0.05925791320324317,0.04600372158572837,0.7100367032797719,0.9072122533849508,200,200,0.9938577702926743,0.6662611550003853,0.823411666236737,0.5974753765922599
run_ID_20260727_175624_6e7fff,point_sampling_sensitivity,n200_distLow,3,Sensor_Y,20,40,200,200,0.01,0.01,0.054480828167906906,0.008299022830952027,0.03821504231236529,0.07074661402344852,0.04600372158572837,0.3848459417709833,0.7834697760211077,200,200,0.9880248623045205,0.3986466259411417,0.43226773891099585,0.2629888152882657
run_ID_20260727_175624_6e7fff,point_sampling_sensitivity,n200_distLow,3,Sensor_Z,20,40,200,200,0.01,0.01,0.04369939475543233,0.0051191301275974495,0.0336660840731674,0.05373270543769726,0.04600372158572837,0.25449559140288047,0.7521691531507182,200,200,0.974231384041045,0.17988163864059706,0.26234025367801966,0.1224840991591699
run_ID_20260727_175701_010409,point_sampling_sensitivity,n200_distLow,4,Sensor_Clean,20,40,200,200,0.01,0.01,0.007392907407060613,8.391825125606473e-05,0.007228430656953143,0.0075573841571680836,0.007454742152353321,0.983530478249078,0.9873417721518987,200,200,0.9996773440420326,0.9818531527437564,0.9889422864508468,0.9709457747440681
run_ID_20260727_175701_010409,point_sampling_sensitivity,n200_distLow,4,Sensor_X,20,40,200,200,0.01,0.01,0.006409090319783229,0.00024128698279389516,0.005936176523568858,0.006882004115997599,0.007454742152353321,0.7561193752614332,0.8764044943820225,200,200,0.9965995159640604,0.7673733584230569,0.7916935037637363,0.6206051680837963
run_ID_20260727_175701_010409,point_sampling_sensitivity,n200_distLow,4,Sensor_Y,20,40,200,200,0.01,0.01,0.012770033329059762,0.0070012360702907525,0.0,0.026492203874092374,0.007454742152353321,0.3641411985127798,0.2726470308036119,200,200,0.9905373933439439,0.4210010067302602,0.3528181396798765,0.21711286489678172
run_ID_20260727_175701_010409,point_sampling_sensitivity,n200_distLow,4,Sensor_Z,20,40,200,200,0.01,0.01,0.002183535991879253,0.0007582971741749154,0.0006973008409179226,0.0036697711428405836,0.007454742152353321,0.10284797124246628,0.07692307692307693,200,200,0.9428672435622522,0.06588150531692201,0.280980877115162,0.04079268731501629
run_ID_20260727_175736_7ecbb8,point_sampling_sensitivity,n200_distLow,5,Sensor_Clean,20,40,200,200,0.01,0.01,0.024220297035660934,0.0002118753539513089,0.023805028972704693,0.024635565098617175,0.024087030071839863,0.9674640906205528,0.9924433249370277,200,200,0.9996388224436016,0.9515560198517956,0.9997613507547283,0.951317370606524
run_ID_20260727_175736_7ecbb8,point_sampling_sensitivity,n200_distLow,5,Sensor_X,20,40,200,200,0.01,0.01,0.023429986342579333,0.0006977207900931986,0.022062478722731833,0.024797493962426833,0.024087030071839863,0.6921177842301487,0.9189189189189189,200,200,0.9948791584701008,0.6193713713819711,0.8695377575206624,0.5676181887639435
run_ID_20260727_175736_7ecbb8,point_sampling_sensitivity,n200_distLow,5,Sensor_Y,20,40,200,200,0.01,0.01,0.01886093164116752,0.001391610368701439,0.01613342543800019,0.021588437844334847,0.024087030071839863,0.32538739442402526,0.6486486486486487,200,200,0.9786770815812498,0.2836084242340793,0.6198406882892616,0.21517454953252813
run_ID_20260727_175736_7ecbb8,point_sampling_sensitivity,n200_distLow,5,Sensor_Z,20,40,200,200,0.01,0.01,0.016910231222972194,0.006941291410449998,0.003305550052292964,0.030514912393651422,0.024087030071839863,0.20121273999156633,0.3761992538498922,200,200,0.9673356123901693,0.14277538944418028,0.19904930413693256,0.0728698871870828
run_ID_20260727_175813_54c033,point_sampling_sensitivity,n200_distLow,6,Sensor_Clean,20,40,200,200,0.01,0.01,0.0069838955246284825,0.00014598971997731305,0.006697760931359861,0.007270030117897104,0.007608984779749159,0.9249004140041589,0.9583333333333334,200,200,0.9989774570240261,0.9428866372934399,0.9337417888341705,0.8825011442896314
run_ID_20260727_175813_54c033,point_sampling_sensitivity,n200_distLow,6,Sensor_X,20,40,200,200,0.01,0.01,0.006712005606476284,0.0003607325584357795,0.006004982783891166,0.007419028429061402,0.007608984779749159,0.6893157496081039,0.7767584097859327,200,200,0.9945673616681207,0.6281738402174396,0.8218867730509345,0.5394591811595635
run_ID_20260727_175813_54c033,point_sampling_sensitivity,n200_distLow,6,Sensor_Y,20,40,200,200,0.01,0.01,0.003914272196066068,0.00046210984104644293,0.0030085535507135106,0.0048199908414186254,0.007608984779749159,0.3466871751817287,0.41897233201581024,200,200,0.9855693075343799,0.31021796935792767,0.463612569587098,0.21318065337315462
run_ID_20260727_175813_54c033,point_sampling_sensitivity,n200_distLow,6,Sensor_Z,20,40,200,200,0.01,0.01,0.003266484194600573,0.0012158602418080406,0.0008834419104226522,0.0056495264787784945,0.007608984779749159,0.0660001424495891,0.0676328502415459,200,200,0.9021539786440019,0.031010929027122422,0.360956967788258,0.029274948829242746
run_ID_20260727_175851_689e6b,point_sampling_sensitivity,n200_distLow,7,Sensor_Clean,20,40,200,200,0.01,0.01,0.007388914157170155,0.00010691741794122661,0.007179359868685334,0.007598468445654976,0.007563914168784789,0.9483915212140598,0.979591836734694,200,200,0.9993110471038393,0.9473913831453012,0.9735772836229638,0.920968666768265
run_ID_20260727_175851_689e6b,point_sampling_sensitivity,n200_distLow,7,Sensor_X,20,40,200,200,0.01,0.01,0.010916689624926305,0.0049677258092602865,0.0011801259537060505,0.020653253296146562,0.007563914168784789,0.7702695398229813,0.6565974966374107,200,200,0.997027258159499,0.79887832480574,0.7719117298038615,0.6415069062234194
run_ID_20260727_175851_689e6b,point_sampling_sensitivity,n200_distLow,7,Sensor_Y,20,40,200,200,0.01,0.01,0.007921115265020392,0.004962057732673072,0.0,0.017646569710268095,0.007563914168784789,0.38592180438182494,0.33934282511603653,200,200,0.9897579020289935,0.4500963997283004,0.3920520351998075,0.24642056632129364
run_ID_20260727_175851_689e6b,point_sampling_sensitivity,n200_distLow,7,Sensor_Z,20,40,200,200,0.01,0.01,0.0012674260159436402,0.0003556185287421064,0.0005704265073739896,0.001964425524513291,0.007563914168784789,0.1691897915402994,0.11320754716981131,200,200,0.9764748533946701,0.1001982931497237,0.18492285679190706,0.07050518576238234
run_ID_20260727_175930_e75d6e,point_sampling_sensitivity,n200_distLow,8,Sensor_Clean,20,40,200,200,0.01,0.01,0.007756973490968768,3.897976628627523e-05,0.00768057455292188,0.007833372429015656,0.008318050880632841,0.9721369741598926,0.9974937343358395,200,200,0.9995716415037238,0.9981335821890415,0.9536985922242857,0.9521931735209154
run_ID_20260727_175930_e75d6e,point_sampling_sensitivity,n200_distLow,8,Sensor_X,20,40,200,200,0.01,0.01,0.006493586020128026,0.00021931337567015788,0.006063739702486613,0.0069234323377694385,0.008318050880632841,0.7777707792030676,0.8980716253443526,200,200,0.9963974007661248,0.8012046805635552,0.769587782594289,0.6480904518886166
run_ID_20260727_175930_e75d6e,point_sampling_sensitivity,n200_distLow,8,Sensor_Y,20,40,200,200,0.01,0.01,0.0038198649056546347,0.0003858352452468386,0.003063641721004652,0.004576088090304617,0.008318050880632841,0.37213166619896365,0.49624060150375937,200,200,0.9870521393204426,0.3520730542703418,0.4487166980598971,0.23897208836944456
run_ID_20260727_175930_e75d6e,point_sampling_sensitivity,n200_distLow,8,Sensor_Z,20,40,200,200,0.01,0.01,0.007748660090350369,0.004875753208568879,0.0,0.01730496077665098,0.008318050880632841,0.10509015364218253,0.13871600938654627,200,200,0.962229194124719,0.06435108996697486,0.24274838824638167,0.04947661151116862
run_ID_20260727_180011_9f0e4a,point_sampling_sensitivity,n200_distLow,9,Sensor_Clean,20,40,200,200,0.01,0.01,0.0057984007868075015,0.00010837586212037856,0.005585988000258081,0.006010813573356922,0.006078896313860746,0.9729102678350068,0.9664082687338501,200,200,0.9996287658171854,0.9759031323741006,0.9830400471774638,0.9589431795515645
run_ID_20260727_180011_9f0e4a,point_sampling_sensitivity,n200_distLow,9,Sensor_X,20,40,200,200,0.01,0.01,0.005466452899331752,0.00022969412456740244,0.005016260687719187,0.005916645110944318,0.006078896313860746,0.7410521358725676,0.8505747126436782,200,200,0.9968154505309605,0.7003028898809559,0.8234383733724986,0.6025451755493807
run_ID_20260727_180011_9f0e4a,point_sampling_sensitivity,n200_distLow,9,Sensor_Y,20,40,200,200,0.01,0.01,0.0024882966875044905,0.00021159709483515416,0.002073574002394282,0.002903019372614699,0.006078896313860746,0.41777294802261156,0.5815602836879432,200,200,0.9928591064463325,0.48956928469924677,0.3956158150459195,0.2633207430441676
run_ID_20260727_180011_9f0e4a,point_sampling_sensitivity,n200_distLow,9,Sensor_Z,20,40,200,200,0.01,0.01,0.003422109650068262,0.0011884283506268718,0.001092832884633254,0.00575138641550327,0.006078896313860746,0.05996764623760695,0.07692307692307693,200,200,0.911886330422839,0.027746581230147147,0.3788777969785757,0.026451112382212115
run_ID_20260727_180051_2929ef,point_sampling_sensitivity,n200_distLow,10,Sensor_Clean,20,40,200,200,0.01,0.01,0.007916190328224049,0.00017103642288742065,0.007580965099320142,0.008251415557127955,0.007931210255354778,0.9392364351819644,0.9556135770234988,200,200,0.9993166494166094,0.9080886271951861,0.99875,0.906838627195186
run_ID_20260727_180051_2929ef,point_sampling_sensitivity,n200_distLow,10,Sensor_X,20,40,200,200,0.01,0.01,0.0065514591673010054,0.000311291886876499,0.0059413382803435505,0.00716158005425846,0.007931210255354778,0.6913580078751023,0.8165680473372781,200,200,0.9955702822538045,0.6669327272600482,0.7765136154729098,0.5502708335126099
run_ID_20260727_180051_2929ef,point_sampling_sensitivity,n200_distLow,10,Sensor_Y,20,40,200,200,0.01,0.01,0.017645012771542946,0.008573902753390846,0.0008404721679480844,0.034449553375137804,0.007931210255354778,0.3746252137032557,0.23851517829840901,200,200,0.9919763852912953,0.5037735347172241,0.2916811496533911,0.21220980816918927
run_ID_20260727_180051_2929ef,point_sampling_sensitivity,n200_distLow,10,Sensor_Z,20,40,200,200,0.01,0.01,0.0018571292999096244,0.000822144029449491,0.0002457566120839844,0.0034685019877352644,0.007931210255354778,0.06211271879834105,0.04878048780487805,200,200,0.9220783145401077,0.028371074074391357,0.2908689225265307,0.025962024997152954
run_ID_20260727_180133_0ee82e,point_sampling_sensitivity,n200_distMed,1,Sensor_Clean,20,40,200,200,0.02,0.02,0.01342878227077305,0.0,0.01342878227077305,0.01342878227077305,0.014758954113514217,0.9314710976155712,1.0,200,200,0.9982900119233055,0.983820345594617,0.89760327234159,0.8821152697959693
run_ID_20260727_180133_0ee82e,point_sampling_sensitivity,n200_distMed,1,Sensor_X,20,40,200,200,0.02,0.02,0.011965517716298425,0.0005420942247560582,0.01090303255954939,0.013028002873047461,0.014758954113514217,0.7667410960610466,0.8304093567251462,200,200,0.992712497837862,0.7436510720097899,0.8120736887949229,0.6323067807932792
run_ID_20260727_180133_0ee82e,point_sampling_sensitivity,n200_distMed,1,Sensor_Y,20,40,200,200,0.02,0.02,0.02083624891540347,0.008479497906983479,0.004216738410733084,0.037455759420073856,0.014758954113514217,0.3844749593732464,0.3106473894494481,200,200,0.9802114476745951,0.3797220515519571,0.4477105038752913,0.246965094099668
run_ID_20260727_180133_0ee82e,point_sampling_sensitivity,n200_distMed,1,Sensor_Z,20,40,200,200,0.02,0.02,0.01339186711432236,0.006914379710837572,0.0,0.026943802322998475,0.014758954113514217,0.1652273343608455,0.19713917196117492,200,200,0.9678363339737166,0.1572162538871069,0.19896075367417457,0.0815779039014137
run_ID_20260727_180211_db4809,point_sampling_sensitivity,n200_distMed,2,Sensor_Clean,20,40,200,200,0.02,0.02,0.016919018847506538,0.00017133677811684552,0.01658320493317039,0.017254832761842687,0.017199430949221606,0.9836229444538436,0.9898989898989898,200,200,0.9994551565988823,0.9845594941553006,0.9850180325099107,0.9698009035135963
run_ID_20260727_180211_db4809,point_sampling_sensitivity,n200_distMed,2,Sensor_X,20,40,200,200,0.02,0.02,0.023471706655427978,0.006947900611691179,0.009854071688349455,0.0370893416225065,0.017199430949221606,0.7804741159025501,0.6589436345392854,200,200,0.9932251003527062,0.7701170539008549,0.8067100905833392,0.6470629588843069
run_ID_20260727_180211_db4809,point_sampling_sensitivity,n200_distMed,2,Sensor_Y,20,40,200,200,0.02,0.02,0.007654641665485744,0.0006442467130990863,0.006391941310653225,0.008917342020318263,0.017199430949221606,0.41561608870047523,0.5865724381625441,200,200,0.980912178031008,0.47667109804995605,0.4302667800728516,0.27374616532529167
run_ID_20260727_180211_db4809,point_sampling_sensitivity,n200_distMed,2,Sensor_Z,20,40,200,200,0.02,0.02,0.015061864947981176,0.0067305315097263485,0.001870265592105536,0.028253464303856814,0.017199430949221606,0.14095157234908398,0.145390571624846,200,200,0.9317600748188981,0.0967423570624841,0.33140710698817544,0.07761984031426014
run_ID_20260727_180248_db428f,point_sampling_sensitivity,n200_distMed,3,Sensor_Clean,20,40,200,200,0.02,0.02,0.014738255949984786,0.0002267901181481142,0.014293755486364898,0.015182756413604673,0.014949850600715528,0.9690144459189062,0.9769820971867008,200,200,0.9992216288763605,0.9607033063556136,0.9857580963438775,0.946564781772405
run_ID_20260727_180248_db428f,point_sampling_sensitivity,n200_distMed,3,Sensor_X,20,40,200,200,0.02,0.02,0.011131947633708106,0.0005227597406810066,0.010107357369405835,0.012156537898010378,0.014949850600715528,0.7657027555487176,0.8200589970501475,200,200,0.993140137348733,0.7474000424337223,0.803789767079356,0.6308468181289174
run_ID_20260727_180248_db428f,point_sampling_sensitivity,n200_distMed,3,Sensor_Y,20,40,200,200,0.02,0.02,0.012404407137146842,0.004946552686224008,0.0027093420245179276,0.022099472249775758,0.014949850600715528,0.4015768793802197,0.44756952231797237,200,200,0.9788390057484186,0.3841098459474598,0.4885072371885612,0.257869475311513
run_ID_20260727_180248_db428f,point_sampling_sensitivity,n200_distMed,3,Sensor_Z,20,40,200,200,0.02,0.02,0.020076008421546006,0.008326846221141547,0.003755689723305127,0.03639632711978688,0.014949850600715528,0.16256382475923337,0.1873680815849776,200,200,0.9541400067531421,0.11736150243096875,0.2840290379408405,0.08430164003382859
run_ID_20260727_180322_ec86b3,point_sampling_sensitivity,n200_distMed,4,Sensor_Clean,20,40,200,200,0.02,0.02,0.01403936030503465,7.054954927153093e-05,0.013901085729336914,0.014177634880732384,0.014944846196839242,0.9536784902527572,0.9974937343358397,200,200,0.9987365984648999,0.9886096624881665,0.9319053693977623,0.9205150318859285
run_ID_20260727_180322_ec86b3,point_sampling_sensitivity,n200_distMed,4,Sensor_X,20,40,200,200,0.02,0.02,0.017035911692194802,0.004943546410028175,0.007346738772637302,0.026725084611752305,0.014944846196839242,0.7749753313827983,0.7416707767127739,200,200,0.9937456676792286,0.7569437318790513,0.8183364587399932,0.6459350359050837
run_ID_20260727_180322_ec86b3,point_sampling_sensitivity,n200_distMed,4,Sensor_Y,20,40,200,200,0.02,0.02,0.016279970700077837,0.00696843271633798,0.0026220935473647775,0.029937847852790897,0.014944846196839242,0.42864743534188077,0.4139398281721706,200,200,0.9841761692942861,0.4643904067546505,0.41571084885542436,0.2770744922352334
run_ID_20260727_180322_ec86b3,point_sampling_sensitivity,n200_distMed,4,Sensor_Z,20,40,200,200,0.02,0.02,0.008600598685361012,0.004883065952961324,0.0,0.018171232087298966,0.014944846196839242,0.20287659007440775,0.16950988621740917,200,200,0.9629962641963227,0.1545700568054382,0.2565080399407428,0.10482927381349218
run_ID_20260727_180400_16681c,point_sampling_sensitivity,n200_distMed,5,Sensor_Clean,20,40,200,200,0.02,0.02,0.014305639729258947,0.0001251434892261607,0.014060362997475996,0.014550916461041898,0.015107818940258123,0.9622529894241898,0.9924433249370278,200,200,0.9989042501579724,0.9790086189354141,0.9492915672278608,0.9350179100775913
run_ID_20260727_180400_16681c,point_sampling_sensitivity,n200_distMed,5,Sensor_X,20,40,200,200,0.02,0.02,0.016428067283594028,0.004945766492580865,0.006734543082190549,0.026121591484997507,0.015107818940258123,0.7694079929590542,0.7243046134924273,200,200,0.9935315345052921,0.7785643510983074,0.7728866972832693,0.6342366222860495
run_ID_20260727_180400_16681c,point_sampling_sensitivity,n200_distMed,5,Sensor_Y,20,40,200,200,0.02,0.02,0.010209530822796905,0.004967698190702333,0.00047302128295554323,0.019946040362638265,0.015107818940258123,0.3999443577348615,0.5817857839180008,200,200,0.986666807838323,0.6688430111194403,0.31536611862051006,0.2653664450409266
run_ID_20260727_180400_16681c,point_sampling_sensitivity,n200_distMed,5,Sensor_Z,20,40,200,200,0.02,0.02,0.022510211310847246,0.00963606704650281,0.0036238669470884874,0.041396555674606005,0.015107818940258123,0.14279613100462196,0.11645534128942843,200,200,0.9607429476619167,0.1023921660835465,0.2110684118078484,0.06927691107332938
run_ID_20260727_180440_7c4bd5,point_sampling_sensitivity,n200_distMed,6,Sensor_Clean,20,40,200,200,0.02,0.02,0.029780374949247485,0.00021217100128431533,0.029364527428166424,0.030196222470328545,0.02966183342164844,0.9711024653302394,0.9949748743718593,200,200,0.9993492656044916,0.9599007672665947,0.9916403722259213,0.9523719173333662
run_ID_20260727_180440_7c4bd5,point_sampling_sensitivity,n200_distMed,6,Sensor_X,20,40,200,200,0.02,0.02,0.02800931222602245,0.0007504588552673983,0.02653843989781919,0.029480184554225707,0.02966183342164844,0.7647992347719696,0.9333333333333333,200,200,0.992448088756959,0.7192753510417347,0.846228273375076,0.6336267982470899
run_ID_20260727_180440_7c4bd5,point_sampling_sensitivity,n200_distMed,6,Sensor_Y,20,40,200,200,0.02,0.02,0.025079143813698704,0.0049744695063656,0.015329362739029387,0.03482892488836802,0.02966183342164844,0.38642575699141934,0.681815473197288,200,200,0.9783535763446454,0.4085706069046909,0.43580995674449163,0.25851889675892564
run_ID_20260727_180440_7c4bd5,point_sampling_sensitivity,n200_distMed,6,Sensor_Z,20,40,200,200,0.02,0.02,0.038514710487017684,0.0093364185616234,0.020215666361644565,0.0568137546123908,0.02966183342164844,0.13523166211534798,0.275454068050632,200,200,0.8976793789551571,0.08582654719465395,0.3988025661213575,0.07731746797389019
run_ID_20260727_180520_5da57f,point_sampling_sensitivity,n200_distMed,7,Sensor_Clean,20,40,200,200,0.02,0.02,0.014738870950150341,0.0002866455630824161,0.014177055970180602,0.015300685930120081,0.015425258110565861,0.9693881170229016,0.9637305699481865,200,200,0.9990744878244838,0.9593136150971179,0.9838136540052722,0.9435479280927419
run_ID_20260727_180520_5da57f,point_sampling_sensitivity,n200_distMed,7,Sensor_X,20,40,200,200,0.02,0.02,0.012782476774778033,0.000502217321714577,0.011798148911805296,0.01376680463775077,0.015425258110565861,0.7824593881527414,0.8668555240793201,200,200,0.9934001778370615,0.7687428354567535,0.8144210292737,0.650457544338287
run_ID_20260727_180520_5da57f,point_sampling_sensitivity,n200_distMed,7,Sensor_Y,20,40,200,200,0.02,0.02,0.011731219294471625,0.00494236557099258,0.0020443607768954285,0.021418077812047822,0.015425258110565861,0.3868224316651171,0.40056677120920514,200,200,0.9784004645263339,0.3693406533940308,0.456417627392425,0.24908096201832516
run_ID_20260727_180520_5da57f,point_sampling_sensitivity,n200_distMed,7,Sensor_Z,20,40,200,200,0.02,0.02,0.012764925296545928,0.0069067368662859814,0.0,0.026301880805161486,0.015425258110565861,0.17151020151598992,0.16330002565717605,200,200,0.9681035731128164,0.14654963766802034,0.17676489964613912,0.08648958405743849
run_ID_20260727_180600_1c252b,point_sampling_sensitivity,n200_distMed,8,Sensor_Clean,20,40,200,200,0.02,0.02,0.013845933105889106,0.00032717072481891593,0.013204690268448166,0.014487175943330046,0.014429600342937715,0.947350688502611,0.9473684210526315,200,200,0.9986076898113941,0.9247178254307574,0.980615985833506,0.9053647938127712
run_ID_20260727_180600_1c252b,point_sampling_sensitivity,n200_distMed,8,Sensor_X,20,40,200,200,0.02,0.02,0.012669068647769665,0.0005600553092485142,0.011571380412292134,0.013766756883247196,0.014429600342937715,0.7546874321683189,0.8372093023255813,200,200,0.9922404056576793,0.7009532463773661,0.8376368980818161,0.6147097456525308
run_ID_20260727_180600_1c252b,point_sampling_sensitivity,n200_distMed,8,Sensor_Y,20,40,200,200,0.02,0.02,0.02667417728604477,0.009643073553171951,0.007774100421557056,0.045574254150532484,0.014429600342937715,0.3365718364146143,0.24453617201042674,200,200,0.9681471153147289,0.25884718686916686,0.550029181812943,0.20753156848620735
run_ID_20260727_180600_1c252b,point_sampling_sensitivity,n200_distMed,8,Sensor_Z,20,40,200,200,0.02,0.02,0.010081226285750724,0.004797196338196936,0.0006788942361173004,0.01948355833538415,0.014429600342937715,0.12256384019237816,0.10819380600573641,200,200,0.9077431574845132,0.07486744567694656,0.41452732095486533,0.06667943754908139
run_ID_20260727_180639_6d3ad2,point_sampling_sensitivity,n200_distMed,9,Sensor_Clean,20,40,200,200,0.02,0.02,0.017276662616465873,0.0002658507471501367,0.01675560472678854,0.017797720506143207,0.016971968632641363,0.9599587620920923,0.9769820971867007,200,200,0.9989549223043026,0.9336859291022179,0.9974215728405673,0.9330880850952189
run_ID_20260727_180639_6d3ad2,point_sampling_sensitivity,n200_distMed,9,Sensor_X,20,40,200,200,0.02,0.02,0.01840802699169528,0.004943689244520589,0.008718574121676896,0.02809747986171366,0.016971968632641363,0.7784128179357753,0.7138057290030331,200,200,0.9923670601785932,0.7343867002855418,0.84021442070921,0.6467814101362156
run_ID_20260727_180639_6d3ad2,point_sampling_sensitivity,n200_distMed,9,Sensor_Y,20,40,200,200,0.02,0.02,0.011063550633838343,0.004957799893718138,0.001346441399594285,0.0207806598680824,0.016971968632641363,0.4479792942854622,0.525437289993046,200,200,0.9846899306813361,0.5907962483584333,0.3858717945386044,0.2962125571988044
run_ID_20260727_180639_6d3ad2,point_sampling_sensitivity,n200_distMed,9,Sensor_Z,20,40,200,200,0.02,0.02,0.011638613601803786,0.00684440007317755,0.0,0.025053391241015095,0.016971968632641363,0.16388146857124886,0.08855199773306885,200,200,0.9580775647884474,0.12131552876806986,0.20882492050945542,0.07784764774103134
run_ID_20260727_180716_4fa276,point_sampling_sensitivity,n200_distMed,10,Sensor_Clean,20,40,200,200,0.02,0.02,0.016609754161364492,0.00014529952034864855,0.016324972334510197,0.016894535988218787,0.017178804742317928,0.967815789170779,0.9924433249370277,200,200,0.9989022543042744,0.9708073925733259,0.9701594745427734,0.9434261055128378
run_ID_20260727_180716_4fa276,point_sampling_sensitivity,n200_distMed,10,Sensor_X,20,40,200,200,0.02,0.02,0.013630242378061099,0.00040589453797076566,0.012834703702116873,0.014425781054005325,0.017178804742317928,0.7955167040378731,0.918918918918919,200,200,0.9933368557075781,0.833538675746332,0.7769536618016751,0.6666591770996528
run_ID_20260727_180716_4fa276,point_sampling_sensitivity,n200_distMed,10,Sensor_Y,20,40,200,200,0.02,0.02,0.021692189987436404,0.008521032030117693,0.004991274097293507,0.0383931058775793,0.017178804742317928,0.42320701262316096,0.40358263349054974,200,200,0.9847326878617928,0.6059289810088421,0.3538078489350605,0.2701855141971322
run_ID_20260727_180716_4fa276,point_sampling_sensitivity,n200_distMed,10,Sensor_Z,20,40,200,200,0.02,0.02,0.01912027492552397,0.008282118490793652,0.0028876209678751832,0.035352928883172756,0.017178804742317928,0.15781366020148835,0.14813267764949184,200,200,0.9485107165549612,0.11367476769722855,0.25668348108482647,0.07967084963979873
run_ID_20260727_180753_3801ad,point_sampling_sensitivity,n200_distHigh,1,Sensor_Clean,20,40,200,200,0.03,0.03,0.022847082787207765,0.00033059676254693895,0.022199125039210225,0.023495040535205305,0.023649841157783267,0.969169689987233,0.9795918367346939,200,200,0.9984484428268479,0.9689348132830334,0.972927008296541,0.9428037078776349
run_ID_20260727_180753_3801ad,point_sampling_sensitivity,n200_distHigh,1,Sensor_X,20,40,200,200,0.03,0.03,0.02274715171126191,0.004985413750368771,0.01297592031250836,0.03251838311001546,0.023649841157783267,0.7681293743054288,0.6118232400148922,200,200,0.9790860908964092,0.7239844779195287,0.8467563787453004,0.6368150174338842
run_ID_20260727_180753_3801ad,point_sampling_sensitivity,n200_distHigh,1,Sensor_Y,20,40,200,200,0.03,0.03,0.019349869237953475,0.006932133765025097,0.005763136722490238,0.032936601753416714,0.023649841157783267,0.4789055305488697,0.4366267613968734,200,200,0.9734727738109201,0.5520331623017852,0.453646176546756,0.3241489987606817
run_ID_20260727_180753_3801ad,point_sampling_sensitivity,n200_distHigh,1,Sensor_Z,20,40,200,200,0.03,0.03,0.010600321469534775,0.004874356466398982,0.001046758347582848,0.020153884591486704,0.023649841157783267,0.18559667441802505,0.1765773375291743,200,200,0.9391016809436106,0.1666001690784326,0.2900309259844051,0.10503996412665406
run_ID_20260727_180835_6835ec,point_sampling_sensitivity,n200_distHigh,2,Sensor_Clean,20,40,200,200,0.03,0.03,0.047012917467693906,0.0005336522700888503,0.045966978238051716,0.048058856697336096,0.04745092654158596,0.9670343882520246,0.9873417721518988,200,200,0.9986501320511166,0.9528056432573115,0.9870818789640579,0.9423186953721574
run_ID_20260727_180835_6835ec,point_sampling_sensitivity,n200_distHigh,2,Sensor_X,20,40,200,200,0.03,0.03,0.05333221611112718,0.0070642948493819,0.03948645263016685,0.06717797959208752,0.04745092654158596,0.7768406290724957,0.6678886049096208,200,200,0.9528677142524851,0.7299235096441848,0.8430586934661827,0.6423895172710014
run_ID_20260727_180835_6835ec,point_sampling_sensitivity,n200_distHigh,2,Sensor_Y,20,40,200,200,0.03,0.03,0.04359563587710676,0.006861609171989747,0.030147129024017158,0.05704414273019637,0.04745092654158596,0.4680985461810091,0.7876507063898194,200,200,0.9781700817400496,0.6379899871894922,0.40879151365129396,0.32992715188777516
run_ID_20260727_180835_6835ec,point_sampling_sensitivity,n200_distHigh,2,Sensor_Z,20,40,200,200,0.03,0.03,0.06220718539504496,0.014946649951141252,0.03291228980128075,0.09150208098880917,0.04745092654158596,0.23162690121725887,0.2854400944089441,200,200,0.9276417981532475,0.20317479982970932,0.25937004470361896,0.1250523251317874
run_ID_20260727_180913_cfc8e9,point_sampling_sensitivity,n200_distHigh,3,Sensor_Clean,20,40,200,200,0.03,0.03,0.021536108243195677,0.00021809346232323592,0.02110865291177849,0.021963563574612863,0.022570559726760368,0.9628129410586338,0.9898989898989898,200,200,0.9985217884378116,0.9818564535941514,0.9512968249494135,0.9336731299233391
run_ID_20260727_180913_cfc8e9,point_sampling_sensitivity,n200_distHigh,3,Sensor_X,20,40,200,200,0.03,0.03,0.023864216200670224,0.004934985330479604,0.014191822688696704,0.033536609712643745,0.022570559726760368,0.7900820868264118,0.7722151591330472,200,200,0.9900333254687524,0.7587563916880389,0.8374434567340937,0.6597779048172064
run_ID_20260727_180913_cfc8e9,point_sampling_sensitivity,n200_distHigh,3,Sensor_Y,20,40,200,200,0.03,0.03,0.012827614759564255,0.0049546434562241165,0.00311669202912793,0.02253853749000058,0.022570559726760368,0.4561980603665221,0.5919305020597063,200,200,0.98118714399676,0.6570618051358315,0.3705338290095752,0.30138887084694077
run_ID_20260727_180913_cfc8e9,point_sampling_sensitivity,n200_distHigh,3,Sensor_Z,20,40,200,200,0.03,0.03,0.019711409906910362,0.008244415653676429,0.003552652152126315,0.03587016766169441,0.022570559726760368,0.16800323034885817,0.15255658349412707,200,200,0.9375162600280964,0.130021082410916,0.2657672541829907,0.08598302139154841
run_ID_20260727_180947_234df0,point_sampling_sensitivity,n200_distHigh,4,Sensor_Clean,20,40,200,200,0.03,0.03,0.03154825912279242,0.00048545997831126,0.030596775049366753,0.03249974319621808,0.03318159712942558,0.9766188644388697,0.9769820971867008,200,200,0.9988636512624771,0.9821655243794482,0.9738193962955057,0.9564914120934653
run_ID_20260727_180947_234df0,point_sampling_sensitivity,n200_distHigh,4,Sensor_X,20,40,200,200,0.03,0.03,0.03567819949440737,0.004922294835287907,0.026030678895955554,0.045325720092859186,0.03318159712942558,0.7894593151765471,0.8393341562157386,200,200,0.9899608342845931,0.7347480530045228,0.8644497611764498,0.6606572562891453
run_ID_20260727_180947_234df0,point_sampling_sensitivity,n200_distHigh,4,Sensor_Y,20,40,200,200,0.03,0.03,0.04898975671093158,0.011763942434198817,0.025932853223699443,0.07204666019816372,0.03318159712942558,0.509954127041016,0.4973428229973153,200,200,0.9794478875315956,0.568343373895489,0.46862707587819086,0.34867948784326874
run_ID_20260727_180947_234df0,point_sampling_sensitivity,n200_distHigh,4,Sensor_Z,20,40,200,200,0.03,0.03,0.01863631066344793,0.005059983330354381,0.008718925573580307,0.028553695753315556,0.03318159712942558,0.19546500149674914,0.30960564928043066,200,200,0.9274279252662916,0.1478968818751182,0.3419079504192299,0.11237447368702924
run_ID_20260727_181025_ef41d4,point_sampling_sensitivity,n200_distHigh,5,Sensor_Clean,20,40,200,200,0.03,0.03,0.02893589980134384,0.00488614281274534,0.019359235865043734,0.038512563737643946,0.0242516359128779,0.9733203471669206,0.8932970144312934,200,200,0.9985037548558277,0.9607184744103409,0.9890224176240208,0.9499950445925942
run_ID_20260727_181025_ef41d4,point_sampling_sensitivity,n200_distHigh,5,Sensor_X,20,40,200,200,0.03,0.03,0.024152406354847555,0.004929370935580728,0.014491016854670817,0.033813795855024295,0.0242516359128779,0.8017787240311731,0.7914783433469024,200,200,0.9903483750373352,0.8050924538179947,0.8076787680967994,0.673300153888859
run_ID_20260727_181025_ef41d4,point_sampling_sensitivity,n200_distHigh,5,Sensor_Y,20,40,200,200,0.03,0.03,0.02151170351687682,0.006932782903642865,0.007923698713101784,0.03509970832065185,0.0242516359128779,0.4290328875053464,0.5026347983176781,200,200,0.972709067532629,0.45251559196260677,0.458992600778545,0.28623752432903704
run_ID_20260727_181025_ef41d4,point_sampling_sensitivity,n200_distHigh,5,Sensor_Z,20,40,200,200,0.03,0.03,0.020211477453690188,0.006689463398243742,0.007100370117233532,0.033322584790146846,0.0242516359128779,0.14327975911436053,0.16263786027257482,200,200,0.8720438129102603,0.08865038151009644,0.43234885896246567,0.07628788797020601
run_ID_20260727_181104_750f8e,point_sampling_sensitivity,n200_distHigh,6,Sensor_Clean,20,40,200,200,0.03,0.03,0.019754516380383082,0.0002666921479873445,0.01923180937536826,0.020277223385397905,0.020313303173735565,0.9776733588780744,0.9821882951653945,200,200,0.9990412246145693,0.9754626467164375,0.982014838766392,0.95828439513599
run_ID_20260727_181104_750f8e,point_sampling_sensitivity,n200_distHigh,6,Sensor_X,20,40,200,200,0.03,0.03,0.017117208415225554,0.0005781139647579098,0.01598412586534039,0.018250290965110716,0.020313303173735565,0.7936072315765476,0.8980716253443526,200,200,0.9906856445229335,0.8120939038404227,0.7756532413863171,0.6489678718120505
run_ID_20260727_181104_750f8e,point_sampling_sensitivity,n200_distHigh,6,Sensor_Y,20,40,200,200,0.03,0.03,0.015603037668484771,0.0049582486450877135,0.005885048897718332,0.02532102643925121,0.020313303173735565,0.42679049834720056,0.4372951732220993,200,200,0.9682959363573695,0.3854860411220174,0.5479870515150616,0.2709552364939718
run_ID_20260727_181104_750f8e,point_sampling_sensitivity,n200_distHigh,6,Sensor_Z,20,40,200,200,0.03,0.03,0.02262320815937293,0.00797437697995349,0.006993716479518807,0.03825269983922705,0.020313303173735565,0.12509833374142706,0.14075908893143665,200,200,0.8877004224196547,0.07659976133628957,0.38004977301605036,0.06410370516860954
run_ID_20260727_181141_82825c,point_sampling_sensitivity,n200_distHigh,7,Sensor_Clean,20,40,200,200,0.03,0.03,0.043170719615560314,0.0004900387758331368,0.04221026126389927,0.04413117796722136,0.04344912734564483,0.9699686054181373,0.9873417721518988,200,200,0.9986710163609759,0.9534212554954657,0.9888295012375715,0.9453772141592469
run_ID_20260727_181141_82825c,point_sampling_sensitivity,n200_distHigh,7,Sensor_X,20,40,200,200,0.03,0.03,0.037535623557706024,0.0010735737622566085,0.035431457648935905,0.039639789466476144,0.04344912734564483,0.8084910478365321,0.924731182795699,200,200,0.9913179955124767,0.8104199721355353,0.8124122457753351,0.6854657333723343
run_ID_20260727_181141_82825c,point_sampling_sensitivity,n200_distHigh,7,Sensor_Y,20,40,200,200,0.03,0.03,0.053483180990265416,0.010711464707926818,0.032489095941057006,0.07447726603947383,0.04344912734564483,0.43223255523636755,0.6516711725232768,200,200,0.9788358426896571,0.5791226456484388,0.3835194019779203,0.29230759511659105
run_ID_20260727_181141_82825c,point_sampling_sensitivity,n200_distHigh,7,Sensor_Z,20,40,200,200,0.03,0.03,0.032560950432399566,0.005200223560431834,0.022368699542396522,0.04275320132240261,0.04344912734564483,0.19985113688144518,0.5725310873744618,200,200,0.9450288251527421,0.154669338308081,0.2680038629898328,0.11757451794448875
run_ID_20260727_181219_fbb029,point_sampling_sensitivity,n200_distHigh,8,Sensor_Clean,20,40,200,200,0.03,0.03,0.07547035205321294,0.0007642787729412135,0.07397239318409969,0.07696831092232619,0.07686907814244473,0.9676087400070774,0.98989898989899,200,200,0.9985557810824017,0.9611831098720989,0.9775701129877298,0.9415775608813342
run_ID_20260727_181219_fbb029,point_sampling_sensitivity,n200_distHigh,8,Sensor_X,20,40,200,200,0.03,0.03,0.07428994847581466,0.0015529397220887182,0.07124624255035913,0.07733365440127019,0.07686907814244473,0.7928803407151815,0.9583333333333334,200,200,0.9893261165207899,0.7488047898639288,0.8567913514531267,0.665721506087854
run_ID_20260727_181219_fbb029,point_sampling_sensitivity,n200_distHigh,8,Sensor_Y,20,40,200,200,0.03,0.03,0.07159307321223049,0.006808698847029016,0.058248268690474225,0.08493787773398676,0.07686907814244473,0.4811666528088023,0.855068264040943,200,200,0.9768117135162806,0.5588707961061516,0.4467914925736561,0.3382064856065462
run_ID_20260727_181219_fbb029,point_sampling_sensitivity,n200_distHigh,8,Sensor_Z,20,40,200,200,0.03,0.03,0.08262484933189067,0.01868672387998189,0.04599954353808159,0.11925015512569975,0.07686907814244473,0.20872365083541328,0.0887030279920411,200,200,0.9078322260916479,0.23387142525728216,0.2165319218639635,0.11296038614990986
run_ID_20260727_181300_d5f06d,point_sampling_sensitivity,n200_distHigh,9,Sensor_Clean,20,40,200,200,0.03,0.03,0.0225896229407496,0.00028161592108220615,0.0220376658779554,0.0231415800035438,0.02304328339194986,0.9754522326397287,0.9847715736040609,200,200,0.9987194769338913,0.9691887213255912,0.9841891912325689,0.9539101801428769
run_ID_20260727_181300_d5f06d,point_sampling_sensitivity,n200_distHigh,9,Sensor_X,20,40,200,200,0.03,0.03,0.018218810618333435,0.0008859597992128875,0.016482361320125836,0.019955259916541034,0.02304328339194986,0.7618500536900943,0.8095238095238094,200,200,0.9898017804484995,0.7168735108566224,0.8389109461894119,0.6291364777059477
run_ID_20260727_181300_d5f06d,point_sampling_sensitivity,n200_distHigh,9,Sensor_Y,20,40,200,200,0.03,0.03,0.014678643211803972,0.00495098071463533,0.004974899322966346,0.024382387100641598,0.02304328339194986,0.4286846027884071,0.6081292522605455,200,200,0.9781145662547093,0.5739507276834483,0.36583531764750954,0.27194124782736323
run_ID_20260727_181300_d5f06d,point_sampling_sensitivity,n200_distHigh,9,Sensor_Z,20,40,200,200,0.03,0.03,0.038034917707348556,0.012738480283590137,0.013067955133738311,0.0630018802809588,0.02304328339194986,0.19690195065507002,0.12551265609392576,200,200,0.962634999919266,0.21412185337703515,0.18128860650586243,0.10092403860053488
run_ID_20260727_181334_f8ad93,point_sampling_sensitivity,n200_distHigh,10,Sensor_Clean,20,40,200,200,0.03,0.03,0.025809278202514663,0.004896030766398936,0.01621323423317271,0.035405322171856615,0.022077472355849753,0.9557489436508215,0.8932279875315182,200,200,0.9982387081793442,0.9828039583306123,0.9370733646104309,0.9213593400241734
run_ID_20260727_181334_f8ad93,point_sampling_sensitivity,n200_distHigh,10,Sensor_X,20,40,200,200,0.03,0.03,0.016353069024891698,0.0005431278316378893,0.0152885580358801,0.017417580013903294,0.022077472355849753,0.7501748260789599,0.9010989010989011,200,200,0.9901874879050456,0.8005038112600921,0.72301500087635,0.6063653123137205
run_ID_20260727_181334_f8ad93,point_sampling_sensitivity,n200_distHigh,10,Sensor_Y,20,40,200,200,0.03,0.03,0.018767334963835737,0.006944792644924552,0.005155791499684951,0.03237887842798652,0.022077472355849753,0.45138779531142903,0.45285778530939025,200,200,0.9775849717871445,0.5299144213767384,0.43670276054558554,0.30101936938460033
run_ID_20260727_181334_f8ad93,point_sampling_sensitivity,n200_distHigh,10,Sensor_Z,20,40,200,200,0.03,0.03,0.01930123314357209,0.008432588993867667,0.0027736624191626105,0.03582880386798157,0.022077472355849753,0.1773216105480191,0.2128505615210461,200,200,0.9631625166596344,0.1774896559451018,0.1678383013207088,0.09046902772754854
